-- phpMyAdmin SQL Dump
-- version 5.2.2deb1+noble1
-- https://www.phpmyadmin.net/
--
-- Host: localhost:3306
-- Generation Time: Mar 26, 2025 at 10:21 PM
-- Server version: 8.0.41-0ubuntu0.24.04.1
-- PHP Version: 8.3.17

SET SQL_MODE = "NO_AUTO_VALUE_ON_ZERO";
START TRANSACTION;
SET time_zone = "+00:00";


/*!40101 SET @OLD_CHARACTER_SET_CLIENT=@@CHARACTER_SET_CLIENT */;
/*!40101 SET @OLD_CHARACTER_SET_RESULTS=@@CHARACTER_SET_RESULTS */;
/*!40101 SET @OLD_COLLATION_CONNECTION=@@COLLATION_CONNECTION */;
/*!40101 SET NAMES utf8mb4 */;

--
-- Database: `nobels`
--

-- --------------------------------------------------------

--
-- Table structure for table `countries`
--

CREATE TABLE `countries` (
  `id` int NOT NULL,
  `country_name` char(255) COLLATE utf8mb4_general_ci NOT NULL
) ENGINE=InnoDB DEFAULT CHARSET=utf8mb4 COLLATE=utf8mb4_general_ci;

--
-- Dumping data for table `countries`
--

INSERT INTO `countries` (`id`, `country_name`) VALUES
(3415, 'German Empire'),
(3416, 'Netherlands'),
(3417, 'France'),
(3418, 'Poland, France'),
(3419, 'United Kingdom'),
(3420, 'United States'),
(3421, 'Kingdom of Italy'),
(3422, 'Sweden'),
(3423, 'Germany'),
(3424, 'Switzerland'),
(3425, 'Germany, Switzerland'),
(3426, 'Denmark'),
(3427, 'India'),
(3428, 'Austria'),
(3429, 'Japan'),
(3430, 'Ireland'),
(3431, 'West Germany'),
(3432, 'Soviet Union'),
(3433, 'Pakistan'),
(3434, 'Canada'),
(3435, 'Russia'),
(3436, 'United States, Italy'),
(3437, 'Russia, United States'),
(3438, 'Hong Kong, United Kingdom'),
(3439, 'United Kingdom, New Zealand'),
(3440, 'Austria, Kingdom of Yugoslavia'),
(3441, 'Germany,Hungary'),
(3442, 'Sweden,Germany'),
(3443, 'Kingdom of Yugoslavia, Switzerland'),
(3444, 'Hungary'),
(3445, ' Finland'),
(3446, 'Czechoslovakia'),
(3447, 'Italy'),
(3448, 'United States, Norway'),
(3449, 'Norway'),
(3450, 'Argentina'),
(3451, 'Canada, West Germany'),
(3452, 'Australia, United Kingdom'),
(3453, 'Yugoslavia, Switzerland'),
(3454, 'Belgium'),
(3455, 'Canada, United States'),
(3456, 'United States, Hungary'),
(3457, 'Mexico'),
(3458, 'United States, Egypt'),
(3459, 'United States, New Zealand'),
(3460, 'Spain'),
(3461, 'Austria, Hungary'),
(3462, 'Australia'),
(3463, 'Portugal'),
(3464, 'South Africa, United States'),
(3465, 'New Zealand, United Kingdom'),
(3466, 'Sweden, Finland'),
(3467, 'United Kingdom, United States'),
(3468, 'Venezuela'),
(3469, 'Denmark, Switzerland'),
(3470, 'West Germany, Switzerland'),
(3471, 'Argentina, United Kingdom'),
(3472, 'Switzerland, United States'),
(3473, 'South Africa'),
(3474, 'Poland'),
(3475, 'British India'),
(3476, 'United Kingdom, Ireland'),
(3477, 'Norway, Denmark'),
(3478, 'Stateless (born in Russian Empire)'),
(3479, 'Finland'),
(3480, 'Chile'),
(3481, 'United Kingdom (born in the United States)'),
(3482, 'Iceland'),
(3483, 'France (born in Algeria)'),
(3484, 'France (born in Guadeloupe)'),
(3485, 'Yugoslavia'),
(3486, 'Greece'),
(3487, 'Israel'),
(3488, 'Germany,Sweden'),
(3489, 'Guatemala'),
(3490, 'Australia (born in the United Kingdom)'),
(3491, 'United States (born in Canada)'),
(3492, 'United States, Poland'),
(3493, 'United Kingdom Bulgaria'),
(3494, 'Colombia'),
(3495, 'France (born in French Madagascar)'),
(3496, 'United States, Soviet Union'),
(3497, 'Egypt'),
(3498, 'Saint Lucia'),
(3499, 'Germany (born in Free City of Danzig)'),
(3500, 'United Kingdom, Trinidad and Tobago'),
(3501, 'United Kingdom (born in Iran)'),
(3502, 'Austria-Hungary'),
(3503, 'League of Nations'),
(3504, 'United States, United Kingdom'),
(3505, 'United Nations'),
(3506, 'North Vietnam'),
(3507, 'Costa Rica'),
(3508, 'Burma'),
(3509, 'Palestine'),
(3510, 'East Timor'),
(3511, 'South Korea'),
(3512, 'Ghana'),
(3513, 'Iran'),
(3514, 'Kenya'),
(3515, 'Bangladesh'),
(3516, 'China'),
(3517, 'Liberia'),
(3518, 'Yemen'),
(3519, 'European Union'),
(3520, 'Tunisia'),
(3521, 'Democratic Republic of the Congo'),
(3522, 'Iraq'),
(3523, 'Ethiopia'),
(3524, 'Philippines'),
(3525, 'Belarus'),
(3526, 'Ukraine'),
(3527, 'Ufon'),
(3528, 'Slovakia'),
(3529, 'US');

-- --------------------------------------------------------

--
-- Table structure for table `laureates`
--

CREATE TABLE `laureates` (
  `id` int NOT NULL,
  `fullname` varchar(255) COLLATE utf8mb4_general_ci DEFAULT NULL,
  `organisation` varchar(255) COLLATE utf8mb4_general_ci DEFAULT NULL,
  `sex` char(1) COLLATE utf8mb4_general_ci DEFAULT NULL,
  `birth_year` char(16) COLLATE utf8mb4_general_ci DEFAULT NULL,
  `death_year` char(16) COLLATE utf8mb4_general_ci DEFAULT NULL
) ENGINE=InnoDB DEFAULT CHARSET=utf8mb4 COLLATE=utf8mb4_general_ci;

--
-- Dumping data for table `laureates`
--

INSERT INTO `laureates` (`id`, `fullname`, `organisation`, `sex`, `birth_year`, `death_year`) VALUES
(7350, 'Wilhelm Conrad Röntgen', NULL, 'M', '1845', '1923'),
(7351, 'Hendrik Lorentz', NULL, 'M', '1853', '1928'),
(7352, 'Pieter Zeeman', NULL, 'M', '1865', '1943'),
(7353, 'Antoine Henri Becquerel', NULL, 'M', '1852', '1908'),
(7354, 'Pierre Curie', NULL, 'M', '1859', '1906'),
(7355, 'Maria Curie-Skłodowska', NULL, 'F', '1867', '1934'),
(7356, 'Lord Rayleigh', NULL, 'M', '1842', '1919'),
(7357, 'Philipp Eduard Anton von Lenard', NULL, 'M', '1862', '1947'),
(7358, 'Joseph John Thomson', NULL, 'M', '1856', '1940'),
(7359, 'Albert Abraham Michelson', NULL, 'M', '1852', '1931'),
(7360, 'Gabriel Lippmann', NULL, 'M', '1845', '1921'),
(7361, 'Guglielmo Marconi', NULL, 'M', '1874', '1937'),
(7362, 'Karl Ferdinand Braun', NULL, 'M', '1850', '1918'),
(7363, 'Johannes Diderik  van der Waals', NULL, 'M', '1837', '1923'),
(7364, 'Wilhelm Wien', NULL, 'M', '1864', '1928'),
(7365, 'Nils Gustaf Dalén', NULL, 'M', '1869', '1937'),
(7366, 'Heike Kamerlingh Onnes', NULL, 'M', '1853', '1926'),
(7367, 'Max  von Laue', NULL, 'M', '1879', '1960'),
(7368, 'William Henry Bragg', NULL, 'M', '1862', '1942'),
(7369, 'William Lawrence Bragg', NULL, 'M', '1890', '1971'),
(7370, 'Charles Glover Barkla', NULL, 'M', '1877', '1944'),
(7371, 'Max Planck', NULL, 'M', '1858', '1947'),
(7372, 'Johannes Stark', NULL, 'M', '1874', '1957'),
(7373, 'Charles Édouard Guillaume', NULL, 'M', '1861', '1938'),
(7374, 'Albert Einstein', NULL, 'M', '1879', '1955'),
(7375, 'Niels Bohr', NULL, 'M', '1885', '1962'),
(7376, 'Robert Andrews Millikan', NULL, 'M', '1868', '1953'),
(7377, 'Manne Siegbahn', NULL, 'M', '1886', '1978'),
(7378, 'James Franck', NULL, 'M', '1882', '1964'),
(7379, 'Gustav Ludwig Hertz', NULL, 'M', '1887', '1975'),
(7380, 'Jean Baptiste Perrin', NULL, 'M', '1870', '1942'),
(7381, 'Arthur Holly Compton', NULL, 'M', '1892', '1962'),
(7382, 'Charles Thomson Rees Wilson', NULL, 'M', '1869', '1959'),
(7383, 'Owen Willans Richardson', NULL, 'M', '1879', '1959'),
(7384, 'Louis Victor Pierre Raymond de Broglie', NULL, 'M', '1892', '1987'),
(7385, 'Čandiraséchara Venkata Ráman', NULL, 'M', '1888', '1970'),
(7386, 'Werner Karl Heisenberg', NULL, 'M', '1901', '1976'),
(7387, 'Erwin Schrödinger', NULL, 'M', '1887', '1961'),
(7388, 'Paul Dirac', NULL, 'M', '1902', '1984'),
(7389, 'James Chadwick', NULL, 'M', '1891', '1974'),
(7390, 'Victor Franz Hess', NULL, 'M', '1883', '1964'),
(7391, 'Carl David Anderson', NULL, 'M', '1905', '1991'),
(7392, 'Clinton Joseph Davisson', NULL, 'M', '1881', '1958'),
(7393, 'George Paget Thomson', NULL, 'M', '1892', '1975'),
(7394, 'Enrico Fermi', NULL, 'M', '1901', '1954'),
(7395, 'Ernest Lawrence', NULL, 'M', '1901', '1958'),
(7396, 'Otto Stern', NULL, 'M', '1888', '1969'),
(7397, 'Isidor Isaac Rabi', NULL, 'M', '1898', '1988'),
(7398, 'Wolfgang Pauli', NULL, 'M', '1900', '1958'),
(7399, 'Percy Williams Bridgman', NULL, 'M', '1882', '1961'),
(7400, 'Edward Victor Appleton', NULL, 'M', '1892', '1965'),
(7401, 'Patrick Maynard Stuart Blackett', NULL, 'M', '1897', '1974'),
(7402, 'Hideki Yukawa', NULL, 'M', '1907', '1981'),
(7403, 'Cecil Frank Powell', NULL, 'M', '1903', '1969'),
(7404, 'John Douglas Cockcroft', NULL, 'M', '1897', '1967'),
(7405, 'Ernest Thomas Sinton Walton', NULL, 'M', '1903', '1995'),
(7406, 'Felix Bloch', NULL, 'M', '1905', '1983'),
(7407, 'Edward Mills Purcell', NULL, 'M', '1912', '1997'),
(7408, 'Frits Zernike', NULL, 'M', '1888', '1966'),
(7409, 'Max Born', NULL, 'M', '1882', '1970'),
(7410, 'Walther Bothe', NULL, 'M', '1891', '1957'),
(7411, 'Willis Eugene Lamb', NULL, 'M', '1913', '2008'),
(7412, 'Polykarp Kusch', NULL, 'M', '1911', '1993'),
(7413, 'John Bardeen', NULL, 'M', '1908', '1991'),
(7414, 'Walter Houser Brattain', NULL, 'M', '1902', '1987'),
(7415, 'William Bradford Shockley', NULL, 'M', '1910', '1989'),
(7416, 'Pavel Alexejevič Čerenkov', NULL, 'M', '1904', '1990'),
(7417, 'Ilia Michajlovič Frank', NULL, 'M', '1908', '1990'),
(7418, 'Igor Jevgenievič Tamm', NULL, 'M', '1895', '1971'),
(7419, 'Emilio Gino Segrè', NULL, 'M', '1905', '1989'),
(7420, 'Owen Chamberlain', NULL, 'M', '1920', '2006'),
(7421, 'Donald Arthur Glaser', NULL, 'M', '1926', '2013'),
(7422, 'Robert Hofstadter', NULL, 'M', '1915', '1990'),
(7423, 'Rudolf Ludwig Mößbauer', NULL, 'M', '1929', '2011'),
(7424, 'Lev Davidovič Landau', NULL, 'M', '1908', '1968'),
(7425, 'Eugene Paul Wigner', NULL, 'M', '1902', '1995'),
(7426, 'Maria Goeppert-Mayer ', NULL, 'F', '1906', '1972'),
(7427, 'J. Hans D. Jensen', NULL, 'M', '1907', '1973'),
(7428, 'Nikolaj Gennadijevič Basov', NULL, 'M', '1922', '2001'),
(7429, 'Alexandr Michajlovič Prochorov', NULL, 'M', '1916', '2002'),
(7430, 'Charles Hard Townes', NULL, 'M', '1915', '2015'),
(7431, 'Richard P. Feynman', NULL, 'M', '1918', '1988'),
(7432, 'Julian Schwinger', NULL, 'M', '1918', '1994'),
(7433, 'Shin\'ichirō Tomonaga', NULL, 'M', '1906', '1979'),
(7434, 'Alfred Kastler', NULL, 'M', '1902', '1984'),
(7435, 'Hans Albrecht Bethe', NULL, 'M', '1906', '2005'),
(7436, 'Luis Walter Alvarez', NULL, 'M', '1911', '1988'),
(7437, 'Murray Gell-Mann', NULL, 'M', '1929', '2019'),
(7438, 'Hannes Olof Gösta Alfvén', NULL, 'M', '1908', '1995'),
(7439, 'Louis Eugène Félix Néel', NULL, 'M', '1904', '2000'),
(7440, 'Dennis Gabor', NULL, 'M', '1900', '1979'),
(7441, 'John Robert Schrieffer', NULL, 'M', '1931', '2019'),
(7442, 'Martin Ryle', NULL, 'M', '1918', '1984'),
(7443, 'Antony Hewish', NULL, 'M', '1924', '2021'),
(7444, 'Aage Niels Bohr', NULL, 'M', '1922', '2009'),
(7445, 'Ben Roy Mottelson', NULL, 'M', '1926', '2022'),
(7446, 'Leo James Rainwater', NULL, 'M', '1917', '1986'),
(7447, 'Burton Richter', NULL, 'M', '1931', '2018'),
(7448, 'Philip Warren Anderson', NULL, 'M', '1923', '2020'),
(7449, 'Nevill Francis Mott', NULL, 'M', '1905', '1996'),
(7450, 'John Hasbrouck Van Vleck', NULL, 'M', '1899', '1980'),
(7451, 'Piotr Leonidovič Kapica', NULL, 'M', '1894', '1984'),
(7452, 'Arno Allan Penzias', NULL, 'M', '1933', '2024'),
(7453, 'Abdus Salam', NULL, 'M', '1926', '1996'),
(7454, 'Steven Weinberg', NULL, 'M', '1933', '2021'),
(7455, 'James Watson Cronin', NULL, 'M', '1931', '2016'),
(7456, 'Val Logsdon Fitch', NULL, 'M', '1923', '2015'),
(7457, 'Nicolaas Bloembergen', NULL, 'M', '1920', '2017'),
(7458, 'Arthur Leonard Schawlow', NULL, 'M', '1921', '1999'),
(7459, 'Kai M. Siegbahn', NULL, 'M', '1918', '2007'),
(7460, 'Kenneth G. Wilson', NULL, 'M', '1936', '2013'),
(7461, 'Subrahmanyan Chandrasekhar', NULL, 'M', '1910', '1995'),
(7462, 'William Alfred Fowler', NULL, 'M', '1911', '1995'),
(7463, 'Simon  van der Meer', NULL, 'M', '1925', '2011'),
(7464, 'Ernst Ruska', NULL, 'M', '1906', '1988'),
(7465, 'Heinrich Rohrer', NULL, 'M', '1933', '2013'),
(7466, 'K. Alexander Müller', NULL, 'M', '1927', '2023'),
(7467, 'Leon M. Lederman', NULL, 'M', '1922', '2018'),
(7468, 'Melvin Schwartz', NULL, 'M', '1932', '2006'),
(7469, 'Jack Steinberger', NULL, 'M', '1921', '2020'),
(7470, 'Norman Foster Ramsey', NULL, 'M', '1915', '2011'),
(7471, 'Hans Georg Dehmelt', NULL, 'M', '1922', '2017'),
(7472, 'Wolfgang Paul', NULL, 'M', '1913', '1993'),
(7473, 'Henry Way Kendall', NULL, 'M', '1926', '1999'),
(7474, 'Richard E. Taylor', NULL, 'M', '1929', '2018'),
(7475, 'Pierre-Gilles  de Gennes', NULL, 'M', '1932', '2007'),
(7476, 'Georges Charpak', NULL, 'M', '1924', '2010'),
(7477, 'Bertram N. Brockhouse', NULL, 'M', '1918', '2003'),
(7478, 'Clifford G. Shull', NULL, 'M', '1915', '2001'),
(7479, 'Martin Lewis Perl', NULL, 'M', '1927', '2014'),
(7480, 'Frederick Reines', NULL, 'M', '1918', '1998'),
(7481, 'Robert Coleman Richardson', NULL, 'M', '1937', '2013'),
(7482, 'Martinus J.G. Veltman', NULL, 'M', '1931', '2021'),
(7483, 'Žores Ivanovič Alfiorov', NULL, 'M', '1930', '2019'),
(7484, 'Jack S. Kilby', NULL, 'M', '1923', '2005'),
(7485, 'Raymond  Davis', NULL, 'M', '1914', '2006'),
(7486, 'Masatoshi Koshiba', NULL, 'M', '1926', '2020'),
(7487, 'Riccardo Giacconi', NULL, 'M', '1931', '2018'),
(7488, 'Alexej Alexejevič Abrikosov', NULL, 'M', '1928', '2017'),
(7489, 'Vitalij Lazarevič Ginzburg', NULL, 'M', '1916', '2009'),
(7490, 'Roy J. Glauber', NULL, 'M', '1925', '2018'),
(7491, 'Peter Grünberg', NULL, 'M', '1939', '2018'),
(7492, 'Toshihide Masukawa', NULL, 'M', '1940', '2021'),
(7493, 'Yoichiro Nambu', NULL, 'M', '1921', '2015'),
(7494, 'Charles Kuen Kao', NULL, 'M', '1933', '2018'),
(7495, 'Willard S. Boyle', NULL, 'M', '1924', '2011'),
(7496, 'Isamu Akasaki', NULL, 'M', '1929', '2021'),
(7497, 'David J. Thouless', NULL, 'M', '1934', '2019'),
(7498, 'Arthur Ashkin', NULL, 'M', '1922', '2020'),
(7499, 'Jacobus Henricus  van ’t Hoff', NULL, 'M', '1852', '1911'),
(7500, 'Hermann Emil  Fischer', NULL, 'M', '1852', '1919'),
(7501, 'Svante August  Arrhenius', NULL, 'M', '1859', '1927'),
(7502, 'Sir William  Ramsay', NULL, 'M', '1852', '1916'),
(7503, 'Johann Friedrich Wilhelm Adolf Ritter  von Baeyer', NULL, 'M', '1835', '1917'),
(7504, 'Ferdinand Frederick Henri  Moissan', NULL, 'M', '1852', '1907'),
(7505, 'Eduard  Buchner', NULL, 'M', '1860', '1917'),
(7506, 'Sir Ernest  Rutherford', NULL, 'M', '1871', '1937'),
(7507, 'Friedrich Wilhelm  Ostwald', NULL, 'M', '1853', '1932'),
(7508, 'Otto  Wallach', NULL, 'M', '1847', '1931'),
(7509, 'Maria  Curie-Skłodowska', NULL, 'F', '1867', '1934'),
(7510, 'François Auguste Victor  Grignard', NULL, 'M', '1871', '1935'),
(7511, 'Paul Sabatier', NULL, 'M', '1854', '1941'),
(7512, 'Alfred Werner', NULL, 'M', '1866', '1919'),
(7513, 'Theodore William  Richards', NULL, 'M', '1868', '1928'),
(7514, 'Richard Martin  Willstätter', NULL, 'M', '1872', '1942'),
(7515, 'Fritz  Haber', NULL, 'M', '1868', '1934'),
(7516, 'Walther Hermann  Nernst', NULL, 'M', '1864', '1941'),
(7517, 'Frederick  Soddy', NULL, 'M', '1877', '1956'),
(7518, 'Francis William  Aston', NULL, 'M', '1877', '1945'),
(7519, 'Fritz  Pregl', NULL, 'M', '1869', '1930'),
(7520, 'Richard Adolf  Zsigmondy', NULL, 'M', '1865', '1929'),
(7521, 'Theodor  Svedberg', NULL, 'M', '1884', '1971'),
(7522, 'Heinrich Otto  Wieland', NULL, 'M', '1877', '1957'),
(7523, 'Adolf Otto Reinhold  Windaus', NULL, 'M', '1876', '1959'),
(7524, 'Arthur  Harden', NULL, 'M', '1865', '1940'),
(7525, 'Hans Karl August Simon  von Euler-Chelpin', NULL, 'M', '1873', '1964'),
(7526, 'Hans Fischer', NULL, 'M', '1881', '1945'),
(7527, 'Carl Bosch', NULL, 'M', '1874', '1940'),
(7528, 'Friedrich Karl Rudolph  Bergius', NULL, 'M', '1884', '1949'),
(7529, 'Irving  Langmuir', NULL, 'M', '1881', '1957'),
(7530, 'Harold Clayton  Urey', NULL, 'M', '1893', '1981'),
(7531, 'Frédéric  Joliot-Curie', NULL, 'M', '1900', '1958'),
(7532, 'Irène  Joliot-Curie', NULL, 'F', '1897', '1956'),
(7533, 'Petrus Josephus Wilhelmus  Debye', NULL, 'M', '1884', '1966'),
(7534, 'Sir Walter Norman  Haworth', NULL, 'M', '1883', '1950'),
(7535, 'Paul Karrer', NULL, 'M', '1889', '1971'),
(7536, 'Richard Kuhn', NULL, 'M', '1900', '1967'),
(7537, 'Adolf Friedrich Johann  Butenandt', NULL, 'M', '1903', '1995'),
(7538, 'Leopold  Ružička', NULL, 'M', '1887', '1976'),
(7539, 'György  Hevesy', NULL, 'M', '1885', '1966'),
(7540, 'Otto  Hahn', NULL, 'M', '1879', '1968'),
(7541, 'Artturi Ilmari  Virtanen', NULL, 'M', '1895', '1973'),
(7542, 'James Batcheller  Sumner', NULL, 'M', '1887', '1955'),
(7543, 'John Howard  Northrop', NULL, 'M', '1891', '1987'),
(7544, 'Wendell Meredith  Stanley', NULL, 'M', '1904', '1971'),
(7545, 'Sir Robert  Robinson', NULL, 'M', '1886', '1975'),
(7546, 'Arne Wilhelm Kaurin  Tiselius', NULL, 'M', '1902', '1971'),
(7547, 'William Francis  Giauque', NULL, 'M', '1895', '1982'),
(7548, 'Otto Paul Hermann  Diels', NULL, 'M', '1876', '1954'),
(7549, 'Kurt  Alder', NULL, 'M', '1902', '1958'),
(7550, 'Edwin Mattison McMillan', NULL, 'M', '1907', '1991'),
(7551, 'Glenn Theodore  Seaborg', NULL, 'M', '1912', '1999'),
(7552, 'Archer John  Porter Martin', NULL, 'M', '1910', '2002'),
(7553, 'Richard Laurence  Millington Synge', NULL, 'M', '1914', '1994'),
(7554, 'Hermann  Staudinger', NULL, 'M', '1881', '1965'),
(7555, 'Linus Carl  Pauling', NULL, 'M', '1901', '1994'),
(7556, 'Vincent  du Vigneaud', NULL, 'M', '1901', '1978'),
(7557, 'Sir Cyril Norman  Hinshelwood', NULL, 'M', '1897', '1967'),
(7558, 'Nikolaj Nikolajevič  Semionov', NULL, 'M', '1896', '1986'),
(7559, 'Sir Alexander R.  Todd', NULL, 'M', '1907', '1997'),
(7560, 'Frederick Sanger', NULL, 'M', '1918', '2013'),
(7561, 'Jaroslav Heyrovský', NULL, 'M', '1890', '1967'),
(7562, 'Willard Frank  Libby', NULL, 'M', '1908', '1980'),
(7563, 'Melvin  Calvin', NULL, 'M', '1911', '1997'),
(7564, 'Max Ferdinand  Perutz', NULL, 'M', '1914', '2002'),
(7565, 'John Cowdery Kendrew', NULL, 'M', '1917', '1997'),
(7566, 'Karl Waldemar  Ziegler', NULL, 'M', '1898', '1973'),
(7567, 'Giulio  Natta', NULL, 'M', '1903', '1979'),
(7568, 'Dorothy Mary Crowfoot Hodgkin', NULL, 'F', '1910', '1994'),
(7569, 'Robert Burns  Woodward', NULL, 'M', '1917', '1979'),
(7570, 'Robert S. Mulliken', NULL, 'M', '1896', '1986'),
(7571, 'Manfred  Eigen', NULL, 'M', '1927', '2019'),
(7572, 'Ronald George Wreyford Norrish', NULL, 'M', '1897', '1978'),
(7573, 'George  Porter', NULL, 'M', '1920', '2002'),
(7574, 'Lars  Onsager', NULL, 'M', '1903', '1976'),
(7575, 'Derek Harold Richard  Barton', NULL, 'M', '1918', '1998'),
(7576, 'Odd  Hassel', NULL, 'M', '1897', '1981'),
(7577, 'Luis Federico  Leloir', NULL, 'M', '1906', '1987'),
(7578, 'Gerhard  Herzberg', NULL, 'M', '1904', '1999'),
(7579, 'Christian Boehmer  Anfinsen', NULL, 'M', '1916', '1995'),
(7580, 'Stanford  Moore', NULL, 'M', '1913', '1982'),
(7581, 'William Howard  Stein', NULL, 'M', '1911', '1980'),
(7582, 'Ernst Otto  Fischer', NULL, 'M', '1918', '2007'),
(7583, 'Geoffrey  Wilkinson', NULL, 'M', '1921', '1996'),
(7584, 'Paul John  Flory', NULL, 'M', '1910', '1985'),
(7585, 'John Warcup  Cornforth', NULL, 'M', '1917', '2013'),
(7586, 'Vladimir  Prelog', NULL, 'M', '1906', '1998'),
(7587, 'William N. Lipscomb', NULL, 'M', '1919', '2011'),
(7588, 'Ilya  Prigogine', NULL, 'M', '1917', '2003'),
(7589, 'Peter Dennis  Mitchell', NULL, 'M', '1920', '1992'),
(7590, 'Herbert Charles  Brown', NULL, 'M', '1912', '2004'),
(7591, 'Georg Wittig', NULL, 'M', '1897', '1987'),
(7592, 'Paul Berg', NULL, 'M', '1926', '2023'),
(7593, 'Kenichi Fukui', NULL, 'M', '1918', '1998'),
(7594, 'Aaron Klug', NULL, 'M', '1926', '2018'),
(7595, 'Henry Taube', NULL, 'M', '1915', '2005'),
(7596, 'Robert Bruce  Merrifield', NULL, 'M', '1921', '2006'),
(7597, 'Herbert Aaron  Hauptman', NULL, 'M', '1917', '2011'),
(7598, 'Jerome  Karle', NULL, 'M', '1918', '2013'),
(7599, 'Donald James  Cram', NULL, 'M', '1919', '2001'),
(7600, 'Charles John  Pedersen', NULL, 'M', '1904', '1989'),
(7601, 'Sidney Altman', NULL, 'M', '1939', '2022'),
(7602, 'Richard Robert  Ernst', NULL, 'M', '1933', '2021'),
(7603, 'Kary Banks  Mullis', NULL, 'M', '1944', '2019'),
(7604, 'Michael  Smith', NULL, 'M', '1932', '2000'),
(7605, 'George Andrew  Olah', NULL, 'M', '1927', '2017'),
(7606, 'Paul Josef  Crutzen', NULL, 'M', '1933', '2021'),
(7607, 'Mario J.  Molina', NULL, 'M', '1943', '2020'),
(7608, 'Frank Sherwood  Rowland', NULL, 'M', '1927', '2012'),
(7609, 'Robert F. Curl', NULL, 'M', '1933', '2022'),
(7610, 'Sir Harold W. Kroto', NULL, 'M', '1939', '2016'),
(7611, 'Richard E. Smalley', NULL, 'M', '1943', '2005'),
(7612, 'Paul Delos  Boyer', NULL, 'M', '1918', '2018'),
(7613, 'Jens Christian  Skou', NULL, 'M', '1918', '2018'),
(7614, 'Walter  Kohn', NULL, 'M', '1923', '2016'),
(7615, 'Sir John Anthony  Pople', NULL, 'M', '1925', '2004'),
(7616, 'Ahmed Hassan  Zewail', NULL, 'M', '1946', '2016'),
(7617, 'Alan G. MacDiarmid', NULL, 'M', '1927', '2007'),
(7618, 'William Standish  Knowles', NULL, 'M', '1917', '2012'),
(7619, 'John Bennett  Fenn', NULL, 'M', '1917', '2010'),
(7620, 'Irwin Rose', NULL, 'M', '1926', '2015'),
(7621, 'Yves Chauvin', NULL, 'M', '1930', '2015'),
(7622, 'Robert Howard  Grubbs', NULL, 'M', '1942', '2021'),
(7623, 'Osamu Shimomura', NULL, 'M', '1928', '2018'),
(7624, 'Roger Y. Tsien', NULL, 'M', '1952', '2016'),
(7625, 'Thomas Arthur  Steitz', NULL, 'M', '1940', '2018'),
(7626, 'Richard F. Heck', NULL, 'M', '1931', '2015'),
(7627, 'Ei-ichi Negishi', NULL, 'M', '1935', '2021'),
(7628, 'John B.  Goodenough', NULL, 'M', '1922', '2023'),
(7629, 'Emil Adolf  von Behring', NULL, 'M', '1854', '1917'),
(7630, 'Sir Ronald Ross', NULL, 'M', '1857', '1932'),
(7631, 'Niels Ryberg Finsen', NULL, 'M', '1860', '1904'),
(7632, 'Ivan Petrovič Pavlov', NULL, 'M', '1849', '1936'),
(7633, 'Robert Koch', NULL, 'M', '1843', '1910'),
(7634, 'Camillo Golgi', NULL, 'M', '1843', '1926'),
(7635, 'Santiago  Ramón y Cajal', NULL, 'M', '1852', '1934'),
(7636, 'Charles Louis Alphonse Laveran', NULL, 'M', '1845', '1922'),
(7637, 'Ilia Iľjič Mečnikov', NULL, 'M', '1845', '1916'),
(7638, 'Paul Ehrlich', NULL, 'M', '1854', '1915'),
(7639, 'Emil Theodor Kocher', NULL, 'M', '1841', '1917'),
(7640, 'Albrecht Kossel', NULL, 'M', '1853', '1927'),
(7641, 'Allvar Gullstrand', NULL, 'M', '1862', '1930'),
(7642, 'Alexis Carrel', NULL, 'M', '1873', '1944'),
(7643, 'Charles Robert Richet', NULL, 'M', '1850', '1935'),
(7644, 'Robert Bárány', NULL, 'M', '1876', '1936'),
(7645, 'Jules Bordet', NULL, 'M', '1870', '1961'),
(7646, 'Schack August Steenberg Krogh', NULL, 'M', '1874', '1949'),
(7647, 'Archibald Vivian Hill', NULL, 'M', '1886', '1977'),
(7648, 'Otto Fritz Meyerhof', NULL, 'M', '1884', '1951'),
(7649, 'Sir Frederick Grant Banting', NULL, 'M', '1891', '1941'),
(7650, 'John James Richard Macleod', NULL, 'M', '1876', '1935'),
(7651, 'Willem Einthoven', NULL, 'M', '1860', '1927'),
(7652, 'Johannes Fibiger', NULL, 'M', '1867', '1928'),
(7653, 'Julius Wagner-Jauregg', NULL, 'M', '1857', '1940'),
(7654, 'Charles Jules Henri Nicolle', NULL, 'M', '1866', '1936'),
(7655, 'Christiaan Eijkman', NULL, 'M', '1868', '1930'),
(7656, 'Sir Frederick Gowland Hopkins', NULL, 'M', '1861', '1947'),
(7657, 'Karl Landsteiner', NULL, 'M', '1868', '1943'),
(7658, 'Otto Heinrich Warburg', NULL, 'M', '1883', '1970'),
(7659, 'Sir Charles Scott Sherrington', NULL, 'M', '1857', '1952'),
(7660, 'Edgar Douglas Adrian', NULL, 'M', '1889', '1977'),
(7661, 'Thomas Hunt Morgan', NULL, 'M', '1866', '1945'),
(7662, 'George Hoyt Whipple', NULL, 'M', '1878', '1976'),
(7663, 'George Richards Minot', NULL, 'M', '1885', '1950'),
(7664, 'William Parry Murphy', NULL, 'M', '1892', '1987'),
(7665, 'Hans Spemann', NULL, 'M', '1869', '1941'),
(7666, 'Sir Henry Hallett Dale', NULL, 'M', '1875', '1968'),
(7667, 'Otto Loewi', NULL, 'M', '1873', '1961'),
(7668, 'Albert  Szent-Györgyi von Nagyrapolt', NULL, 'M', '1893', '1986'),
(7669, 'Corneille Jean François Heymans', NULL, 'M', '1892', '1968'),
(7670, 'Gerhard Domagk', NULL, 'M', '1895', '1964'),
(7671, 'Henrik Carl Peter Dam', NULL, 'M', '1895', '1976'),
(7672, 'Edward Adelbert Doisy', NULL, 'M', '1893', '1986'),
(7673, 'Joseph Erlanger', NULL, 'M', '1874', '1965'),
(7674, 'Herbert Spencer Gasser', NULL, 'M', '1888', '1963'),
(7675, 'Sir Alexander Fleming', NULL, 'M', '1881', '1955'),
(7676, 'Sir Ernst Boris Chain', NULL, 'M', '1906', '1979'),
(7677, 'Sir Howard Walter Florey', NULL, 'M', '1898', '1968'),
(7678, 'Hermann Joseph Muller', NULL, 'M', '1890', '1967'),
(7679, 'Carl Ferdinand Cori', NULL, 'M', '1896', '1984'),
(7680, 'Gerty Theresa  Cori (rodená Radnitz)', NULL, 'F', '1896', '1957'),
(7681, 'Bernardo Alberto Houssay', NULL, 'M', '1887', '1971'),
(7682, 'Paul Hermann Müller', NULL, 'M', '1899', '1965'),
(7683, 'Walter Rudolf Hess', NULL, 'M', '1881', '1973'),
(7684, 'Antonio Caetano De Abreu Freire Egas Moniz', NULL, 'M', '1874', '1955'),
(7685, 'Philip Showalter Hench', NULL, 'M', '1896', '1965'),
(7686, 'Edward Calvin Kendall', NULL, 'M', '1886', '1972'),
(7687, 'Tadeus Reichstein', NULL, 'M', '1897', '1996'),
(7688, 'Max Theiler', NULL, 'M', '1899', '1972'),
(7689, 'Selman Abraham Waksman', NULL, 'M', '1888', '1973'),
(7690, 'Hans Adolf Krebs', NULL, 'M', '1900', '1981'),
(7691, 'Fritz Albert Lipmann', NULL, 'M', '1899', '1986'),
(7692, 'John Franklin Enders', NULL, 'M', '1897', '1985'),
(7693, 'Frederick Chapman Robbins', NULL, 'M', '1916', '2003'),
(7694, 'Thomas Huckle Weller', NULL, 'M', '1915', '2008'),
(7695, 'Axel Hugo Theodor Theorell', NULL, 'M', '1903', '1982'),
(7696, 'André Frédéric Cournand', NULL, 'M', '1895', '1988'),
(7697, 'Werner Forssmann', NULL, 'M', '1904', '1979'),
(7698, 'Dickinson W. Richards', NULL, 'M', '1895', '1973'),
(7699, 'Daniel Bovet', NULL, 'M', '1907', '1992'),
(7700, 'George Wells Beadle', NULL, 'M', '1903', '1989'),
(7701, 'Edward Lawrie Tatum', NULL, 'M', '1909', '1975'),
(7702, 'Joshua Lederberg', NULL, 'M', '1925', '2008'),
(7703, 'Arthur Kornberg', NULL, 'M', '1918', '2007'),
(7704, 'Severo Ochoa', NULL, 'M', '1905', '1993'),
(7705, 'Sir Frank Macfarlane Burnet', NULL, 'M', '1899', '1985'),
(7706, 'Sir Peter Brian Medawar', NULL, 'M', '1915', '1987'),
(7707, 'Georg  von Békésy', NULL, 'M', '1899', '1972'),
(7708, 'Francis Harry Compton Crick', NULL, 'M', '1916', '2004'),
(7709, 'Maurice Hugh Frederick Wilkins', NULL, 'M', '1916', '2004'),
(7710, 'Sir John Carew Eccles', NULL, 'M', '1903', '1997'),
(7711, 'Sir Alan Lloyd Hodgkin', NULL, 'M', '1914', '1998'),
(7712, 'Sir Andrew Fielding Huxley', NULL, 'M', '1917', '2012'),
(7713, 'Konrad Bloch', NULL, 'M', '1912', '2000'),
(7714, 'Feodor Lynen', NULL, 'M', '1911', '1979'),
(7715, 'François Jacob', NULL, 'M', '1920', '2013'),
(7716, 'André Lwoff', NULL, 'M', '1902', '1994'),
(7717, 'Jacques Monod', NULL, 'M', '1910', '1976'),
(7718, 'Peyton Rous', NULL, 'M', '1879', '1970'),
(7719, 'Charles Brenton Huggins', NULL, 'M', '1901', '1997'),
(7720, 'Ragnar Granit', NULL, 'M', '1900', '1991'),
(7721, 'Haldan Keffer Hartline', NULL, 'M', '1903', '1983'),
(7722, 'George Wald', NULL, 'M', '1906', '1997'),
(7723, 'Robert W. Holley', NULL, 'M', '1922', '1993'),
(7724, 'Har Gobind Khorana', NULL, 'M', '1922', '2011'),
(7725, 'Marshall W. Nirenberg', NULL, 'M', '1927', '2010'),
(7726, 'Max Delbrück', NULL, 'M', '1906', '1981'),
(7727, 'Alfred D. Hershey', NULL, 'M', '1908', '1997'),
(7728, 'Salvador E. Luria', NULL, 'M', '1912', '1991'),
(7729, 'Julius Axelrod', NULL, 'M', '1912', '2004'),
(7730, 'Ulf  von Euler', NULL, 'M', '1905', '1983'),
(7731, 'Sir Bernard Katz', NULL, 'M', '1911', '2003'),
(7732, 'Earl W.  Sutherland', NULL, 'M', '1915', '1974'),
(7733, 'Gerald M. Edelman', NULL, 'M', '1929', '2014'),
(7734, 'Rodney R. Porter', NULL, 'M', '1917', '1985'),
(7735, 'Karl  von Frisch', NULL, 'M', '1886', '1982'),
(7736, 'Konrad Lorenz', NULL, 'M', '1903', '1989'),
(7737, 'Nikolaas Tinbergen', NULL, 'M', '1907', '1988'),
(7738, 'Albert Claude', NULL, 'M', '1899', '1983'),
(7739, 'Christian  de Duve', NULL, 'M', '1917', '2013'),
(7740, 'George E. Palade', NULL, 'M', '1912', '2008'),
(7741, 'Renato Dulbecco', NULL, 'M', '1914', '2012'),
(7742, 'Howard Martin Temin', NULL, 'M', '1934', '1994'),
(7743, 'Baruch S. Blumberg', NULL, 'M', '1925', '2011'),
(7744, 'D. Carleton Gajdusek', NULL, 'M', '1923', '2008'),
(7745, 'Rosalyn Yalow', NULL, 'F', '1921', '2011'),
(7746, 'Daniel Nathans', NULL, 'M', '1928', '1999'),
(7747, 'Allan M. Cormack', NULL, 'M', '1924', '1998'),
(7748, 'Sir Godfrey Newbold Hounsfield', NULL, 'M', '1919', '2004'),
(7749, 'Baruj Benacerraf', NULL, 'M', '1920', '2011'),
(7750, 'Jean Dausset', NULL, 'M', '1916', '2009'),
(7751, 'George D. Snell', NULL, 'M', '1903', '1996'),
(7752, 'Roger W. Sperry', NULL, 'M', '1913', '1994'),
(7753, 'David H. Hubel', NULL, 'M', '1926', '2013'),
(7754, 'Sune K. Bergström', NULL, 'M', '1916', '2004'),
(7755, 'Sir John R. Vane', NULL, 'M', '1927', '2004'),
(7756, 'Barbara McClintock', NULL, 'F', '1902', '1992'),
(7757, 'Niels K. Jerne', NULL, 'M', '1911', '1994'),
(7758, 'Georges J.F. Köhler', NULL, 'M', '1946', '1995'),
(7759, 'César Milstein', NULL, 'M', '1927', '2002'),
(7760, 'Stanley Cohen', NULL, 'M', '1922', '2020'),
(7761, 'Rita Levi-Montalcini', NULL, 'F', '1909', '2012'),
(7762, 'Sir James W. Black', NULL, 'M', '1924', '2010'),
(7763, 'Gertrude B. Elion', NULL, 'F', '1918', '1999'),
(7764, 'George H. Hitchings', NULL, 'M', '1905', '1998'),
(7765, 'Joseph E. Murray', NULL, 'M', '1919', '2012'),
(7766, 'E. Donnall Thomas', NULL, 'M', '1920', '2012'),
(7767, 'Edmond H. Fischer', NULL, 'M', '1920', '2021'),
(7768, 'Edwin G. Krebs', NULL, 'M', '1918', '2009'),
(7769, 'Alfred G. Gilman', NULL, 'M', '1941', '2015'),
(7770, 'Martin Rodbell', NULL, 'M', '1925', '1998'),
(7771, 'Edward B. Lewis', NULL, 'M', '1918', '2004'),
(7772, 'Robert F. Furchgott', NULL, 'M', '1916', '2009'),
(7773, 'Ferid Murad', NULL, 'M', '1936', '2023'),
(7774, 'Günter Blobel', NULL, 'M', '1936', '2018'),
(7775, 'Arvid Carlsson', NULL, 'M', '1923', '2018'),
(7776, 'Paul Greengard', NULL, 'M', '1925', '2019'),
(7777, 'Sydney Brenner', NULL, 'M', '1927', '2019'),
(7778, 'Sir John E. Sulston', NULL, 'M', '1942', '2018'),
(7779, 'Paul Lauterbur', NULL, 'M', '1929', '2007'),
(7780, 'Sir Peter Mansfield', NULL, 'M', '1933', '2017'),
(7781, 'Oliver Smithies', NULL, 'M', '1925', '2017'),
(7782, 'Harald  zur Hausen', NULL, 'M', '1936', '2023'),
(7783, 'Luc Montagnier', NULL, 'M', '1932', '2022'),
(7784, 'Sir Robert G. Edwards', NULL, 'M', '1925', '2013'),
(7785, 'Ralph M.  Steinman', NULL, 'M', '1943', '2011'),
(7786, 'Sully Prudhomme', NULL, 'M', '1839', '1907'),
(7787, 'Theodor Mommsen', NULL, 'M', '1817', '1903'),
(7788, 'Bjørnstjerne Bjørnson', NULL, 'M', '1832', '1910'),
(7789, 'Frédéric Mistral', NULL, 'M', '1830', '1914'),
(7790, 'José  Echegaray y Eizaguirre', NULL, 'M', '1832', '1916'),
(7791, 'Henryk Sienkiewicz', NULL, 'M', '1846', '1916'),
(7792, 'Giosuè Carducci', NULL, 'M', '1835', '1907'),
(7793, 'Rudyard Kipling', NULL, 'M', '1865', '1936'),
(7794, 'Rudolf Christoph Eucken', NULL, 'M', '1846', '1926'),
(7795, 'Selma Lagerlöf', NULL, 'F', '1858', '1940'),
(7796, 'Paul Johann Ludwig Heyse', NULL, 'M', '1830', '1914'),
(7797, 'Maurice Maeterlinck', NULL, 'M', '1862', '1949'),
(7798, 'Gerhart Hauptmann', NULL, 'M', '1862', '1946'),
(7799, 'Rabindranath Tagore', NULL, 'M', '1861', '1941'),
(7800, 'Romain Rolland', NULL, 'M', '1866', '1944'),
(7801, 'Carl Gustaf Verner  von Heidenstam', NULL, 'M', '1859', '1940'),
(7802, 'Karl Adolph Gjellerup', NULL, 'M', '1857', '1919'),
(7803, 'Henrik Pontoppidan', NULL, 'M', '1857', '1943'),
(7804, 'Carl Spitteler', NULL, 'M', '1845', '1924'),
(7805, 'Knut Hamsun', NULL, 'M', '1859', '1952'),
(7806, 'Anatole France', NULL, 'M', '1844', '1924'),
(7807, 'Jacinto Benavente', NULL, 'M', '1866', '1954'),
(7808, 'William Butler Yeats', NULL, 'M', '1865', '1939'),
(7809, 'Władysław Reymont', NULL, 'M', '1867', '1925'),
(7810, 'George Bernard Shaw', NULL, 'M', '1856', '1950'),
(7811, 'Grazia Deledda', NULL, 'F', '1871', '1936'),
(7812, 'Henri Bergson', NULL, 'M', '1859', '1941'),
(7813, 'Sigrid Undset', NULL, 'F', '1882', '1949'),
(7814, 'Thomas Mann', NULL, 'M', '1875', '1955'),
(7815, 'Sinclair Lewis', NULL, 'M', '1885', '1951'),
(7816, 'Erik Axel Karlfeldt', NULL, 'M', '1864', '1931'),
(7817, 'John Galsworthy', NULL, 'M', '1867', '1933'),
(7818, 'Ivan Alexejevič Bunin', NULL, 'M', '1870', '1953'),
(7819, 'Luigi Pirandello', NULL, 'M', '1867', '1936'),
(7820, 'Eugene O’Neill', NULL, 'M', '1888', '1953'),
(7821, 'Roger Martin  du Gard', NULL, 'M', '1881', '1958'),
(7822, 'Pearl S. Buck', NULL, 'F', '1892', '1973'),
(7823, 'Frans Eemil Sillanpää', NULL, 'M', '1888', '1964'),
(7824, 'Johannes Vilhelm Jensen', NULL, 'M', '1873', '1950'),
(7825, 'Gabriela Mistral', NULL, 'F', '1889', '1957'),
(7826, 'Hermann Hesse', NULL, 'M', '1877', '1962'),
(7827, 'André Gide', NULL, 'M', '1869', '1951'),
(7828, 'Thomas Stearns Eliot', NULL, 'M', '1888', '1965'),
(7829, 'William Faulkner', NULL, 'M', '1897', '1962'),
(7830, 'Bertrand Russell', NULL, 'M', '1872', '1970'),
(7831, 'Pär Lagerkvist', NULL, 'M', '1891', '1974'),
(7832, 'François Mauriac', NULL, 'M', '1885', '1970'),
(7833, 'Sir Winston Churchill', NULL, 'M', '1874', '1965'),
(7834, 'Ernest Hemingway', NULL, 'M', '1899', '1961'),
(7835, 'Halldór Laxness', NULL, 'M', '1902', '1998'),
(7836, 'Juan Ramón Jiménez', NULL, 'M', '1881', '1958'),
(7837, 'Albert Camus', NULL, 'M', '1913', '1960'),
(7838, 'Boris Pasternak', NULL, 'M', '1890', '1960'),
(7839, 'Salvatore Quasimodo', NULL, 'M', '1901', '1968'),
(7840, 'Saint-John Perse', NULL, 'M', '1887', '1975'),
(7841, 'Ivo Andrić', NULL, 'M', '1892', '1975'),
(7842, 'John Steinbeck', NULL, 'M', '1902', '1968'),
(7843, 'Jorgos Seferis', NULL, 'M', '1900', '1971'),
(7844, 'Jean-Paul Sartre', NULL, 'M', '1905', '1980'),
(7845, 'Michail Alexandrovič Šolochov', NULL, 'M', '1905', '1984'),
(7846, 'Shmuel Yosef Agnon', NULL, 'M', '1888', '1970'),
(7847, 'Nelly Sachs', NULL, 'F', '1891', '1970'),
(7848, 'Miguel Ángel Asturias', NULL, 'M', '1899', '1974'),
(7849, 'Yasunari Kawabata', NULL, 'M', '1899', '1972'),
(7850, 'Samuel Beckett', NULL, 'M', '1906', '1989'),
(7851, 'Alexandr Isajevič Solženicyn', NULL, 'M', '1918', '2008'),
(7852, 'Pablo Neruda', NULL, 'M', '1904', '1973'),
(7853, 'Heinrich Böll', NULL, 'M', '1917', '1985'),
(7854, 'Patrick White', NULL, 'M', '1912', '1990'),
(7855, 'Eyvind Johnson', NULL, 'M', '1900', '1976'),
(7856, 'Harry Martinson', NULL, 'M', '1904', '1978'),
(7857, 'Eugenio Montale', NULL, 'M', '1896', '1981'),
(7858, 'Saul Bellow', NULL, 'M', '1915', '2005'),
(7859, 'Vicente Aleixandre', NULL, 'M', '1898', '1984'),
(7860, 'Isaac Bashevis Singer', NULL, 'M', '1902', '1991'),
(7861, 'Odysseas Elytis', NULL, 'M', '1911', '1996'),
(7862, 'Czesław Miłosz', NULL, 'M', '1911', '2004'),
(7863, 'Elias Canetti', NULL, 'M', '1905', '1994'),
(7864, 'Gabriel García Márquez', NULL, 'M', '1927', '2014'),
(7865, 'William Golding', NULL, 'M', '1911', '1993'),
(7866, 'Jaroslav Seifert', NULL, 'M', '1901', '1986'),
(7867, 'Claude Simon', NULL, 'M', '1913', '2005'),
(7868, 'Joseph Brodsky', NULL, 'M', '1940', '1996'),
(7869, 'Naguib Mahfouz', NULL, 'M', '1911', '2006'),
(7870, 'Camilo José Cela', NULL, 'M', '1916', '2002'),
(7871, 'Octavio Paz', NULL, 'M', '1914', '1998'),
(7872, 'Nadine Gordimer', NULL, 'F', '1923', '2014'),
(7873, 'Derek Walcott', NULL, 'M', '1930', '2017'),
(7874, 'Toni Morrison', NULL, 'F', '1931', '2019'),
(7875, 'Kenzaburō Ōe', NULL, 'M', '1935', '2023'),
(7876, 'Seamus Heaney', NULL, 'M', '1939', '2013'),
(7877, 'Wisława Szymborska', NULL, 'F', '1923', '2012'),
(7878, 'Dario Fo', NULL, 'M', '1926', '2016'),
(7879, 'José Saramago', NULL, 'M', '1922', '2010'),
(7880, 'Günter Grass', NULL, 'M', '1927', '2015'),
(7881, 'Vidiadhar Surajprasad Naipaul', NULL, 'M', '1932', '2018'),
(7882, 'Imre Kertész', NULL, 'M', '1929', '2016'),
(7883, 'Harold Pinter', NULL, 'M', '1930', '2008'),
(7884, 'Doris Lessing', NULL, 'F', '1919', '2013'),
(7885, 'Tomas Tranströmer', NULL, 'M', '1931', '2015'),
(7886, 'Louise Glück', NULL, 'F', '1943', '2023'),
(7887, 'Jean Henri Dunant', NULL, 'M', '1828', '1910'),
(7888, 'Frédéric Passy', NULL, 'M', '1822', '1912'),
(7889, 'Élie Ducommun', NULL, 'M', '1833', '1906'),
(7890, 'Charles Albert Gobat', NULL, 'M', '1843', '1914'),
(7891, 'William Randal Cremer', NULL, 'M', '1828', '1908'),
(7892, ' ', 'Institut de droit international (Institute of International Law, Ústav medzinárodného práva)', NULL, '1873', NULL),
(7893, 'Bertha  von Suttner', NULL, 'F', '1843', '1914'),
(7894, 'Theodore Roosevelt', NULL, 'M', '1858', '1919'),
(7895, 'Ernesto Teodoro Moneta', NULL, 'M', '1833', '1918'),
(7896, 'Louis Renault', NULL, 'M', '1843', '1918'),
(7897, 'Klas Pontus Arnoldson', NULL, 'M', '1844', '1916'),
(7898, 'Fredrik Bajer', NULL, 'M', '1837', '1922'),
(7899, 'Auguste Beernaert', NULL, 'M', '1829', '1912'),
(7900, 'Paul Henri  d\'Estournelles de Constant', NULL, 'M', '1852', '1924'),
(7901, ' ', 'International Peace Bureau (Permanent International Peace Bureau, Stály medzinárodny výbor mieru)', NULL, '1891', NULL),
(7902, 'Tobias Michael Carel Asser', NULL, 'M', '1838', '1913'),
(7903, 'Alfred Hermann Fried', NULL, 'M', '1864', '1921'),
(7904, 'Elihu Root', NULL, 'M', '1845', '1937'),
(7905, 'Henri La Fontaine', NULL, 'M', '1854', '1943'),
(7906, ' ', 'Comité international de la Croix Rouge (International Committee of the Red Cross, Medzinárodný výbor Červeného kríža)', NULL, '1863', NULL),
(7907, 'Woodrow Wilson', NULL, 'M', '1856', '1924'),
(7908, 'Léon Victor Auguste Bourgeois', NULL, 'M', '1851', '1925'),
(7909, 'Hjalmar Branting', NULL, 'M', '1860', '1925'),
(7910, 'Christian Lous Lange', NULL, 'M', '1869', '1938'),
(7911, 'Fridtjof Nansen', NULL, 'M', '1861', '1930'),
(7912, 'Sir Austen Chamberlain', NULL, 'M', '1863', '1937'),
(7913, 'Charles Gates Dawes', NULL, 'M', '1865', '1951'),
(7914, 'Aristide Briand', NULL, 'M', '1862', '1932'),
(7915, 'Gustav Stresemann', NULL, 'M', '1878', '1929'),
(7916, 'Ferdinand Buisson', NULL, 'M', '1841', '1932'),
(7917, 'Ludwig Quidde', NULL, 'M', '1858', '1941'),
(7918, 'Frank Billings Kellogg', NULL, 'M', '1856', '1937'),
(7919, 'Arcibiskup Nathan Söderblom', NULL, 'M', '1866', '1931'),
(7920, 'Jane Addams', NULL, 'F', '1860', '1935'),
(7921, 'Nicholas Murray Butler', NULL, 'M', '1862', '1947'),
(7922, 'Sir Norman Angell', NULL, 'M', '1872', '1967'),
(7923, 'Arthur Henderson', NULL, 'M', '1863', '1935'),
(7924, 'Carl  von Ossietzky', NULL, 'M', '1889', '1938'),
(7925, 'Carlos Saavedra Lamas', NULL, 'M', '1878', '1959'),
(7926, 'Robert Cecil of Chelwood', NULL, 'M', '1864', '1958'),
(7927, ' ', 'Office international Nansen pour les Réfugiés (Nansen International Office for Refugees, Nansenov medzinárodny úrad pre utečencov)', NULL, '1930', NULL),
(7928, 'Cordell Hull', NULL, 'M', '1871', '1955'),
(7929, 'Emily Greene Balch', NULL, 'M', '1867', '1961'),
(7930, 'John Raleigh Mott', NULL, 'M', '1865', '1955'),
(7931, ' ', 'The Quakers (Friends Service Council, Koncil Spoločnosti priateľov (kvakeri))', NULL, 'mid-17th century', NULL),
(7932, 'Lord John Boyd-Orr', NULL, 'M', '1880', '1971'),
(7933, 'Ralph Bunche', NULL, 'M', '1904', '1971'),
(7934, 'Léon Jouhaux', NULL, 'M', '1879', '1954'),
(7935, 'Albert Schweitzer', NULL, 'M', '1875', '1965'),
(7936, 'George Catlett Marshall', NULL, 'M', '1880', '1959'),
(7937, ' ', 'UNHCR (Office of the United Nations High Commissioner for Refugees, Úrad Vysokého komisára OSN pre utečencov)', NULL, '1950', NULL),
(7938, 'Lester Bowles Pearson', NULL, 'M', '1897', '1972'),
(7939, 'Georges Pire', NULL, 'M', '1910', '1969'),
(7940, 'Philip Noel-Baker', NULL, 'M', '1889', '1982'),
(7941, 'Albert Lutuli', NULL, 'M', '1898', '1967'),
(7942, 'Dag Hammarskjöld', NULL, 'M', '1905', '1961'),
(7943, 'Linus Carl Pauling', NULL, 'M', '1901', '1994'),
(7944, ' ', 'Ligue des Sociétés de la Croix-Rouge (League of Red Cross Societies, Liga spoločností Červeného kríža)', NULL, '1919', NULL),
(7945, 'Martin Luther King', NULL, 'M', '1929', '1968'),
(7946, ' ', 'UNICEF (United Nations Children\'s Fund, Detský fond OSN)', NULL, '1946', NULL),
(7947, 'René Cassin', NULL, 'M', '1887', '1976'),
(7948, ' ', 'I.L.O. (International Labour Organization, Medzinárodná organizácia práce)', NULL, '1919', NULL),
(7949, 'Norman Ernest Borlaug', NULL, 'M', '1914', '2009'),
(7950, 'Willy Brandt', NULL, 'M', '1913', '1992'),
(7951, 'Henry Kissinger', NULL, 'M', '1923', '2023'),
(7952, 'Le Duc Tho Tho', NULL, 'M', '1911', '1990'),
(7953, 'Seán MacBride', NULL, 'M', '1904', '1988'),
(7954, 'Eisaku Sató', NULL, 'M', '1901', '1975'),
(7955, 'Andrej Dmitrijevič Sacharov', NULL, 'M', '1921', '1989'),
(7956, 'Betty Williams', NULL, 'F', '1943', '2020'),
(7957, 'Mairead Corrigan', NULL, 'F', '1944', NULL),
(7958, ' ', 'Amnesty International', NULL, '1961', NULL),
(7959, 'Muhammad Anwar al-Sadat', NULL, 'M', '1918', '1981'),
(7960, 'Menachem Begin', NULL, 'M', '1913', '1992'),
(7961, 'Matka Tereza', NULL, 'F', '1910', '1997'),
(7962, 'Adolfo Pérez Esquivel', NULL, 'M', '1931', NULL),
(7963, 'Alva Myrdal', NULL, 'F', '1902', '1986'),
(7964, 'Alfonso García Robles', NULL, 'M', '1911', '1991'),
(7965, 'Lech Wałęsa', NULL, 'M', '1943', NULL),
(7966, 'Biskup Desmond Tutu', NULL, 'M', '1931', '2021'),
(7967, ' ', 'International Physicians for the Prevention of Nuclear War (Medzinárodné združenie Lekári proti jadrovej vojne)', NULL, '1980', NULL),
(7968, 'Elie Wiesel', NULL, 'M', '1928', '2016'),
(7969, 'Oscar Arias Sánchez', NULL, 'M', '1940', NULL),
(7970, ' ', 'United Nations Peace-Keeping Forces (Mierové sily OSN)', NULL, '1945', NULL),
(7971, 'Tenzin Gyatso 14th Dalai Lama', NULL, 'M', '1935', NULL),
(7972, 'Michail Sergejevič Gorbačov', NULL, 'M', '1931', '2022'),
(7973, 'Aung San Suu Kyi', NULL, 'F', '1945', NULL),
(7974, 'Rigoberta  Menchú Tum', NULL, 'F', '1959', NULL),
(7975, 'Nelson Mandela', NULL, 'M', '1918', '2013'),
(7976, 'Frederik Willem de Klerk', NULL, 'M', '1936', '2021'),
(7977, 'Yasser Arafat', NULL, 'M', '1929', '2004'),
(7978, 'Yitzhak Rabin', NULL, 'M', '1922', '1995'),
(7979, 'Shimon Peres', NULL, 'M', '1923', '2016'),
(7980, 'Józef Rotblat', NULL, 'M', '1908', '2005'),
(7981, ' ', 'Pugwash Conferences on Science and World Affairs (Pugwashské konferencie o vede a svetových záležitostiach)', NULL, NULL, NULL),
(7982, 'Carlos Filipe Ximenes Belo', NULL, 'M', '1948', NULL),
(7983, 'José Ramos-Horta', NULL, 'M', '1949', NULL),
(7984, ' ', 'ICBL (International Campaign to Ban Landmines, Medzinárodná kampaň za zákaz nášľapných mín)', NULL, '1992', NULL),
(7985, 'Jody Williams', NULL, 'F', '1950', NULL),
(7986, 'John Hume', NULL, 'M', '1937', '2020'),
(7987, 'David Trimble', NULL, 'M', '1944', '2022'),
(7988, ' ', 'Médecins Sans Frontières (Lekári bez hraníc)', NULL, NULL, NULL),
(7989, 'Kim Dae-jung', NULL, 'M', '1924', '2009'),
(7990, ' ', 'U.N. (United Nations, Organizácia Spojených národov)', NULL, NULL, NULL),
(7991, 'Kofi Annan', NULL, 'M', '1938', '2018'),
(7992, 'Jimmy Carter', NULL, 'M', '1924', NULL),
(7993, 'Shirin Ebadi', NULL, 'F', '1947', NULL),
(7994, 'Wangari Muta Maathai', NULL, 'F', '1940', '2011'),
(7995, ' ', 'IAEA (International Atomic Energy Agency, Medzinárodná agentúra pre atómovú energiu)', NULL, '1957', NULL),
(7996, 'Mohamed  El Baradei', NULL, 'M', '1942', NULL),
(7997, 'Muhammad Júnus  Yunus', NULL, 'M', '1940', NULL),
(7998, ' ', 'Grameen Bank', NULL, '1983', NULL),
(7999, ' ', 'Intergovernmental Panel on Climate Change (Medzivládny panel pre klimatické zmeny)', NULL, '1988', NULL),
(8000, 'Al Gore', NULL, 'M', '1948', NULL),
(8001, 'Martti Ahtisaari', NULL, 'M', '1937', '2023'),
(8002, 'Barack Obama', NULL, 'M', '1961', NULL),
(8003, 'Liou Xiaobo', NULL, 'M', '1955', '2017'),
(8004, 'Ellen Johnson Sirleaf', NULL, 'F', '1938', NULL),
(8005, 'Leymah Gbowee', NULL, 'F', '1972', NULL),
(8006, 'Tawakkul Karman', NULL, 'F', '1979', NULL),
(8007, ' ', 'European Union (Európska únia)', NULL, '1958', NULL),
(8008, ' ', 'Organisation for the Prohibition of Chemical Weapons (Organizácia pre zákaz chemických zbraní)', NULL, '1997', NULL),
(8009, 'Malala Yousafzai', NULL, 'F', '1954', NULL),
(8010, 'Kailash Satyarthi', NULL, 'M', '1997', NULL),
(8011, ' ', 'Tunisian National Dialogue Quartet (Kvarteto pre národný dialóg)', NULL, '2013', NULL),
(8012, 'Juan Manuel Santos', NULL, 'M', '1951', NULL),
(8013, ' ', 'International Campaign to Abolish Nuclear Weapons (Medzinárodná kampaň za zrušenie jadrových zbraní)', NULL, '2007', NULL),
(8014, 'Denis Mukwege', NULL, 'M', '1955', NULL),
(8015, 'Nadia Murad', NULL, 'F', '1993', NULL),
(8016, 'Abiy Ahmed', NULL, 'M', '1976', NULL),
(8017, ' ', 'World Food Programme (Svetový potravinový program)', NULL, '1961', NULL),
(8018, 'Maria Ressa', NULL, 'M', '1963', NULL),
(8019, 'Dmitrij Muratov', NULL, 'M', '1961', NULL),
(8020, 'Ales Biaľacki', NULL, 'M', '1962', NULL),
(8021, ' ', 'Memorial', NULL, '1989', NULL),
(8022, ' ', 'Centre for Civil Liberties (Centrum pre občianske slobody)', NULL, '2007', NULL),
(8023, 'Narges Mohammadi', NULL, 'F', '1972', NULL),
(8033, 'Tester', '', 'M', '2002', NULL);

-- --------------------------------------------------------

--
-- Table structure for table `laureates_countries`
--

CREATE TABLE `laureates_countries` (
  `laureate_id` int DEFAULT NULL,
  `country_id` int DEFAULT NULL
) ENGINE=InnoDB DEFAULT CHARSET=utf8mb4 COLLATE=utf8mb4_general_ci;

--
-- Dumping data for table `laureates_countries`
--

INSERT INTO `laureates_countries` (`laureate_id`, `country_id`) VALUES
(7350, 3415),
(7351, 3416),
(7352, 3416),
(7353, 3417),
(7354, 3417),
(7355, 3418),
(7356, 3419),
(7357, 3415),
(7358, 3419),
(7359, 3420),
(7360, 3417),
(7361, 3421),
(7362, 3415),
(7363, 3416),
(7364, 3415),
(7365, 3422),
(7366, 3416),
(7367, 3415),
(7368, 3419),
(7369, 3419),
(7370, 3419),
(7371, 3415),
(7372, 3423),
(7373, 3424),
(7374, 3425),
(7375, 3426),
(7376, 3420),
(7377, 3422),
(7378, 3423),
(7379, 3423),
(7380, 3417),
(7381, 3420),
(7382, 3419),
(7383, 3419),
(7384, 3417),
(7385, 3427),
(7386, 3423),
(7387, 3428),
(7388, 3419),
(7389, 3419),
(7390, 3428),
(7391, 3420),
(7392, 3420),
(7393, 3419),
(7394, 3421),
(7395, 3420),
(7396, 3420),
(7397, 3420),
(7398, 3428),
(7399, 3420),
(7400, 3419),
(7401, 3419),
(7402, 3429),
(7403, 3419),
(7404, 3419),
(7405, 3430),
(7406, 3420),
(7407, 3420),
(7408, 3416),
(7409, 3431),
(7410, 3431),
(7411, 3420),
(7412, 3420),
(7413, 3420),
(7414, 3420),
(7415, 3420),
(7416, 3432),
(7417, 3432),
(7418, 3432),
(7419, 3420),
(7420, 3420),
(7421, 3420),
(7422, 3420),
(7423, 3431),
(7424, 3432),
(7425, 3420),
(7426, 3420),
(7427, 3431),
(7428, 3432),
(7429, 3432),
(7430, 3420),
(7431, 3420),
(7432, 3420),
(7433, 3429),
(7434, 3417),
(7435, 3420),
(7436, 3420),
(7437, 3420),
(7438, 3422),
(7439, 3417),
(7440, 3419),
(7413, 3420),
(7441, 3420),
(7442, 3419),
(7443, 3419),
(7444, 3426),
(7445, 3426),
(7446, 3420),
(7447, 3420),
(7448, 3420),
(7449, 3419),
(7450, 3420),
(7451, 3432),
(7452, 3420),
(7453, 3433),
(7454, 3420),
(7455, 3420),
(7456, 3420),
(7457, 3420),
(7458, 3420),
(7459, 3422),
(7460, 3420),
(7461, 3420),
(7462, 3420),
(7463, 3416),
(7464, 3431),
(7465, 3424),
(7466, 3424),
(7467, 3420),
(7468, 3420),
(7469, 3420),
(7470, 3420),
(7471, 3420),
(7472, 3431),
(7473, 3420),
(7474, 3434),
(7475, 3417),
(7476, 3417),
(7477, 3434),
(7478, 3420),
(7479, 3420),
(7480, 3420),
(7481, 3420),
(7482, 3416),
(7483, 3435),
(7484, 3420),
(7485, 3420),
(7486, 3429),
(7487, 3436),
(7488, 3437),
(7489, 3435),
(7490, 3420),
(7491, 3423),
(7492, 3429),
(7493, 3420),
(7494, 3438),
(7495, 3420),
(7496, 3429),
(7497, 3419),
(7498, 3420),
(7499, 3416),
(7500, 3423),
(7501, 3422),
(7502, 3419),
(7503, 3423),
(7504, 3417),
(7505, 3423),
(7506, 3439),
(7507, 3423),
(7508, 3423),
(7509, 3418),
(7510, 3417),
(7511, 3417),
(7512, 3424),
(7513, 3420),
(7514, 3423),
(7515, 3423),
(7516, 3423),
(7517, 3419),
(7518, 3419),
(7519, 3440),
(7520, 3441),
(7521, 3422),
(7522, 3423),
(7523, 3423),
(7524, 3419),
(7525, 3442),
(7526, 3423),
(7527, 3423),
(7528, 3423),
(7529, 3420),
(7530, 3420),
(7531, 3417),
(7532, 3417),
(7533, 3416),
(7534, 3419),
(7535, 3424),
(7536, 3423),
(7537, 3423),
(7538, 3443),
(7539, 3444),
(7540, 3423),
(7541, 3445),
(7542, 3420),
(7543, 3420),
(7544, 3420),
(7545, 3419),
(7546, 3422),
(7547, 3420),
(7548, 3431),
(7549, 3431),
(7550, 3420),
(7551, 3420),
(7552, 3419),
(7553, 3419),
(7554, 3431),
(7555, 3420),
(7556, 3420),
(7557, 3419),
(7558, 3432),
(7559, 3419),
(7560, 3419),
(7561, 3446),
(7562, 3420),
(7563, 3420),
(7564, 3419),
(7565, 3419),
(7566, 3431),
(7567, 3447),
(7568, 3419),
(7569, 3420),
(7570, 3420),
(7571, 3431),
(7572, 3419),
(7573, 3419),
(7574, 3448),
(7575, 3419),
(7576, 3449),
(7577, 3450),
(7578, 3451),
(7579, 3420),
(7580, 3420),
(7581, 3420),
(7582, 3431),
(7583, 3419),
(7584, 3420),
(7585, 3452),
(7586, 3453),
(7587, 3420),
(7588, 3454),
(7589, 3419),
(7590, 3420),
(7591, 3431),
(7592, 3420),
(7560, 3419),
(7593, 3429),
(7594, 3419),
(7595, 3420),
(7596, 3420),
(7597, 3420),
(7598, 3420),
(7599, 3420),
(7600, 3420),
(7601, 3455),
(7602, 3424),
(7603, 3420),
(7604, 3434),
(7605, 3456),
(7606, 3416),
(7607, 3457),
(7608, 3420),
(7609, 3420),
(7610, 3419),
(7611, 3420),
(7612, 3420),
(7613, 3426),
(7614, 3420),
(7615, 3419),
(7616, 3458),
(7617, 3459),
(7618, 3420),
(7619, 3420),
(7620, 3420),
(7621, 3417),
(7622, 3420),
(7623, 3429),
(7624, 3420),
(7625, 3420),
(7626, 3420),
(7627, 3429),
(7628, 3420),
(7629, 3423),
(7630, 3419),
(7631, 3426),
(7632, 3435),
(7633, 3423),
(7634, 3447),
(7635, 3460),
(7636, 3417),
(7637, 3435),
(7638, 3423),
(7639, 3424),
(7640, 3423),
(7641, 3422),
(7642, 3417),
(7643, 3417),
(7644, 3461),
(7645, 3454),
(7646, 3426),
(7647, 3419),
(7648, 3423),
(7649, 3434),
(7650, 3419),
(7651, 3416),
(7652, 3426),
(7653, 3428),
(7654, 3417),
(7655, 3416),
(7656, 3419),
(7657, 3428),
(7658, 3423),
(7659, 3419),
(7660, 3419),
(7661, 3420),
(7662, 3420),
(7663, 3420),
(7664, 3420),
(7665, 3423),
(7666, 3419),
(7667, 3428),
(7668, 3444),
(7669, 3454),
(7670, 3423),
(7671, 3426),
(7672, 3420),
(7673, 3420),
(7674, 3420),
(7675, 3419),
(7676, 3419),
(7677, 3462),
(7678, 3420),
(7679, 3420),
(7680, 3420),
(7681, 3450),
(7682, 3424),
(7683, 3424),
(7684, 3463),
(7685, 3420),
(7686, 3420),
(7687, 3424),
(7688, 3464),
(7689, 3420),
(7690, 3419),
(7691, 3420),
(7692, 3420),
(7693, 3420),
(7694, 3420),
(7695, 3422),
(7696, 3420),
(7697, 3431),
(7698, 3420),
(7699, 3447),
(7700, 3420),
(7701, 3420),
(7702, 3420),
(7703, 3420),
(7704, 3420),
(7705, 3462),
(7706, 3419),
(7707, 3444),
(7708, 3419),
(7709, 3465),
(7710, 3462),
(7711, 3419),
(7712, 3419),
(7713, 3420),
(7714, 3431),
(7715, 3417),
(7716, 3417),
(7717, 3417),
(7718, 3420),
(7719, 3420),
(7720, 3466),
(7721, 3420),
(7722, 3420),
(7723, 3420),
(7724, 3420),
(7725, 3420),
(7726, 3420),
(7727, 3420),
(7728, 3420),
(7729, 3420),
(7730, 3422),
(7731, 3419),
(7732, 3420),
(7733, 3420),
(7734, 3419),
(7735, 3431),
(7736, 3428),
(7737, 3416),
(7738, 3420),
(7739, 3454),
(7740, 3420),
(7741, 3467),
(7742, 3420),
(7743, 3420),
(7744, 3420),
(7745, 3420),
(7746, 3420),
(7747, 3420),
(7748, 3419),
(7749, 3468),
(7750, 3417),
(7751, 3420),
(7752, 3420),
(7753, 3420),
(7754, 3422),
(7755, 3419),
(7756, 3420),
(7757, 3469),
(7758, 3470),
(7759, 3471),
(7760, 3420),
(7761, 3447),
(7762, 3419),
(7763, 3420),
(7764, 3420),
(7765, 3420),
(7766, 3420),
(7767, 3472),
(7768, 3420),
(7769, 3420),
(7770, 3420),
(7771, 3420),
(7772, 3420),
(7773, 3420),
(7774, 3420),
(7775, 3422),
(7776, 3420),
(7777, 3473),
(7778, 3419),
(7779, 3420),
(7780, 3419),
(7781, 3420),
(7782, 3423),
(7783, 3417),
(7784, 3419),
(7785, 3434),
(7786, 3417),
(7787, 3423),
(7788, 3449),
(7789, 3417),
(7790, 3460),
(7791, 3474),
(7792, 3447),
(7793, 3419),
(7794, 3423),
(7795, 3422),
(7796, 3423),
(7797, 3454),
(7798, 3423),
(7799, 3475),
(7800, 3417),
(7801, 3422),
(7802, 3426),
(7803, 3426),
(7804, 3424),
(7805, 3449),
(7806, 3417),
(7807, 3460),
(7808, 3430),
(7809, 3474),
(7810, 3476),
(7811, 3447),
(7812, 3417),
(7813, 3477),
(7814, 3423),
(7815, 3420),
(7816, 3422),
(7817, 3419),
(7818, 3478),
(7819, 3447),
(7820, 3420),
(7821, 3417),
(7822, 3420),
(7823, 3479),
(7824, 3426),
(7825, 3480),
(7826, 3425),
(7827, 3417),
(7828, 3481),
(7829, 3420),
(7830, 3419),
(7831, 3422),
(7832, 3417),
(7833, 3419),
(7834, 3420),
(7835, 3482),
(7836, 3460),
(7837, 3483),
(7838, 3432),
(7839, 3447),
(7840, 3484),
(7841, 3485),
(7842, 3420),
(7843, 3486),
(7844, 3417),
(7845, 3432),
(7846, 3487),
(7847, 3488),
(7848, 3489),
(7849, 3429),
(7850, 3430),
(7851, 3432),
(7852, 3480),
(7853, 3431),
(7854, 3490),
(7855, 3422),
(7856, 3422),
(7857, 3447),
(7858, 3491),
(7859, 3460),
(7860, 3492),
(7861, 3486),
(7862, 3474),
(7863, 3493),
(7864, 3494),
(7865, 3419),
(7866, 3446),
(7867, 3495),
(7868, 3496),
(7869, 3497),
(7870, 3460),
(7871, 3457),
(7872, 3473),
(7873, 3498),
(7874, 3420),
(7875, 3429),
(7876, 3430),
(7877, 3474),
(7878, 3447),
(7879, 3463),
(7880, 3499),
(7881, 3500),
(7882, 3444),
(7883, 3419),
(7884, 3501),
(7885, 3422),
(7886, 3420),
(7887, 3424),
(7888, 3417),
(7889, 3424),
(7890, 3424),
(7891, 3419),
(7892, 3454),
(7893, 3502),
(7894, 3420),
(7895, 3447),
(7896, 3417),
(7897, 3422),
(7898, 3426),
(7899, 3454),
(7900, 3417),
(7901, 3424),
(7902, 3416),
(7903, 3502),
(7904, 3420),
(7905, 3454),
(7906, 3424),
(7907, 3420),
(7908, 3417),
(7909, 3422),
(7910, 3449),
(7911, 3449),
(7912, 3419),
(7913, 3420),
(7914, 3417),
(7915, 3423),
(7916, 3417),
(7917, 3423),
(7918, 3420),
(7919, 3422),
(7920, 3420),
(7921, 3420),
(7922, 3419),
(7923, 3419),
(7924, 3423),
(7925, 3450),
(7926, 3419),
(7927, 3503),
(7906, 3424),
(7928, 3420),
(7929, 3420),
(7930, 3420),
(7931, 3504),
(7932, 3419),
(7933, 3420),
(7934, 3417),
(7935, 3417),
(7936, 3420),
(7937, 3505),
(7938, 3434),
(7939, 3454),
(7940, 3419),
(7941, 3473),
(7942, 3422),
(7943, 3420),
(7906, 3424),
(7944, 3417),
(7945, 3420),
(7946, 3505),
(7947, 3417),
(7948, 3505),
(7949, 3420),
(7950, 3431),
(7951, 3420),
(7952, 3506),
(7953, 3430),
(7954, 3429),
(7955, 3432),
(7956, 3419),
(7957, 3419),
(7958, 3419),
(7959, 3497),
(7960, 3487),
(7961, 3427),
(7962, 3450),
(7937, 3505),
(7963, 3422),
(7964, 3457),
(7965, 3474),
(7966, 3473),
(7967, 3420),
(7968, 3420),
(7969, 3507),
(7970, 3505),
(7971, 3427),
(7972, 3432),
(7973, 3508),
(7974, 3489),
(7975, 3473),
(7976, 3473),
(7977, 3509),
(7978, 3487),
(7979, 3487),
(7980, 3474),
(7981, 3434),
(7982, 3510),
(7983, 3510),
(7984, 3424),
(7985, 3420),
(7986, 3430),
(7987, 3419),
(7988, 3424),
(7989, 3511),
(7990, 3505),
(7991, 3512),
(7992, 3420),
(7993, 3513),
(7994, 3514),
(7995, 3505),
(7996, 3497),
(7997, 3515),
(7998, 3515),
(7999, 3505),
(8000, 3420),
(8001, 3479),
(8002, 3420),
(8003, 3516),
(8004, 3517),
(8005, 3517),
(8006, 3518),
(8007, 3519),
(8008, 3416),
(8009, 3427),
(8010, 3433),
(8011, 3520),
(8012, 3494),
(8013, 3424),
(8014, 3521),
(8015, 3522),
(8016, 3523),
(8017, 3505),
(8018, 3524),
(8019, 3435),
(8020, 3525),
(8021, 3435),
(8022, 3526),
(8023, 3513),
(8033, 3474);

-- --------------------------------------------------------

--
-- Table structure for table `laureates_prizes`
--

CREATE TABLE `laureates_prizes` (
  `laureate_id` int NOT NULL,
  `prize_id` int NOT NULL
) ENGINE=InnoDB DEFAULT CHARSET=utf8mb4 COLLATE=utf8mb4_general_ci;

--
-- Dumping data for table `laureates_prizes`
--

INSERT INTO `laureates_prizes` (`laureate_id`, `prize_id`) VALUES
(7350, 5851),
(7351, 5852),
(7352, 5852),
(7353, 5853),
(7354, 5854),
(7355, 5854),
(7356, 5855),
(7357, 5856),
(7358, 5857),
(7359, 5858),
(7360, 5859),
(7361, 5860),
(7362, 5860),
(7363, 5861),
(7364, 5862),
(7365, 5863),
(7366, 5864),
(7367, 5865),
(7368, 5866),
(7369, 5866),
(7370, 5867),
(7371, 5868),
(7372, 5869),
(7373, 5870),
(7374, 5871),
(7375, 5872),
(7376, 5873),
(7377, 5874),
(7378, 5875),
(7379, 5875),
(7380, 5876),
(7381, 5877),
(7382, 5878),
(7383, 5879),
(7384, 5880),
(7385, 5881),
(7386, 5882),
(7387, 5883),
(7388, 5883),
(7389, 5884),
(7390, 5885),
(7391, 5886),
(7392, 5887),
(7393, 5887),
(7394, 5888),
(7395, 5889),
(7396, 5890),
(7397, 5891),
(7398, 5892),
(7399, 5893),
(7400, 5894),
(7401, 5895),
(7402, 5896),
(7403, 5897),
(7404, 5898),
(7405, 5898),
(7406, 5899),
(7407, 5899),
(7408, 5900),
(7409, 5901),
(7410, 5902),
(7411, 5903),
(7412, 5904),
(7413, 5905),
(7414, 5905),
(7415, 5905),
(7416, 5906),
(7417, 5906),
(7418, 5906),
(7419, 5907),
(7420, 5907),
(7421, 5908),
(7422, 5909),
(7423, 5910),
(7424, 5911),
(7425, 5912),
(7426, 5913),
(7427, 5913),
(7428, 5914),
(7429, 5914),
(7430, 5914),
(7431, 5915),
(7432, 5915),
(7433, 5915),
(7434, 5916),
(7435, 5917),
(7436, 5918),
(7437, 5919),
(7438, 5920),
(7439, 5921),
(7440, 5922),
(7413, 5923),
(7441, 5923),
(7442, 5924),
(7443, 5925),
(7444, 5926),
(7445, 5926),
(7446, 5926),
(7447, 5927),
(7448, 5928),
(7449, 5928),
(7450, 5928),
(7451, 5929),
(7452, 5930),
(7453, 5931),
(7454, 5931),
(7455, 5932),
(7456, 5932),
(7457, 5933),
(7458, 5933),
(7459, 5934),
(7460, 5935),
(7461, 5936),
(7462, 5937),
(7463, 5938),
(7464, 5939),
(7465, 5940),
(7466, 5941),
(7467, 5942),
(7468, 5942),
(7469, 5942),
(7470, 5943),
(7471, 5944),
(7472, 5944),
(7473, 5945),
(7474, 5945),
(7475, 5946),
(7476, 5947),
(7477, 5948),
(7478, 5949),
(7479, 5950),
(7480, 5951),
(7481, 5952),
(7482, 5953),
(7483, 5954),
(7484, 5955),
(7485, 5956),
(7486, 5956),
(7487, 5957),
(7488, 5958),
(7489, 5958),
(7490, 5959),
(7491, 5960),
(7492, 5961),
(7493, 5962),
(7494, 5963),
(7495, 5964),
(7496, 5965),
(7497, 5966),
(7498, 5967),
(7499, 5968),
(7500, 5969),
(7501, 5970),
(7502, 5971),
(7503, 5972),
(7504, 5973),
(7505, 5974),
(7506, 5975),
(7507, 5976),
(7508, 5977),
(7509, 5978),
(7510, 5979),
(7511, 5980),
(7512, 5981),
(7513, 5982),
(7514, 5983),
(7515, 5984),
(7516, 5985),
(7517, 5986),
(7518, 5987),
(7519, 5988),
(7520, 5989),
(7521, 5990),
(7522, 5991),
(7523, 5992),
(7524, 5993),
(7525, 5993),
(7526, 5994),
(7527, 5995),
(7528, 5995),
(7529, 5996),
(7530, 5997),
(7531, 5998),
(7532, 5998),
(7533, 5999),
(7534, 6000),
(7535, 6001),
(7536, 6002),
(7537, 6003),
(7538, 6004),
(7539, 6005),
(7540, 6006),
(7541, 6007),
(7542, 6008),
(7543, 6009),
(7544, 6009),
(7545, 6010),
(7546, 6011),
(7547, 6012),
(7548, 6013),
(7549, 6013),
(7550, 6014),
(7551, 6014),
(7552, 6015),
(7553, 6015),
(7554, 6016),
(7555, 6017),
(7556, 6018),
(7557, 6019),
(7558, 6019),
(7559, 6020),
(7560, 6021),
(7561, 6022),
(7562, 6023),
(7563, 6024),
(7564, 6025),
(7565, 6025),
(7566, 6026),
(7567, 6026),
(7568, 6027),
(7569, 6028),
(7570, 6029),
(7571, 6030),
(7572, 6030),
(7573, 6030),
(7574, 6031),
(7575, 6032),
(7576, 6032),
(7577, 6033),
(7578, 6034),
(7579, 6035),
(7580, 6036),
(7581, 6036),
(7582, 6037),
(7583, 6037),
(7584, 6038),
(7585, 6039),
(7586, 6040),
(7587, 6041),
(7588, 6042),
(7589, 6043),
(7590, 6044),
(7591, 6044),
(7592, 6045),
(7560, 6046),
(7593, 6047),
(7594, 6048),
(7595, 6049),
(7596, 6050),
(7597, 6051),
(7598, 6051),
(7599, 6052),
(7600, 6052),
(7601, 6053),
(7602, 6054),
(7603, 6055),
(7604, 6055),
(7605, 6056),
(7606, 6057),
(7607, 6057),
(7608, 6057),
(7609, 6058),
(7610, 6058),
(7611, 6058),
(7612, 6059),
(7613, 6060),
(7614, 6061),
(7615, 6062),
(7616, 6063),
(7617, 6064),
(7618, 6065),
(7619, 6066),
(7620, 6067),
(7621, 6068),
(7622, 6068),
(7623, 6069),
(7624, 6069),
(7625, 6070),
(7626, 6071),
(7627, 6071),
(7628, 6072),
(7629, 6073),
(7630, 6074),
(7631, 6075),
(7632, 6076),
(7633, 6077),
(7634, 6078),
(7635, 6078),
(7636, 6079),
(7637, 6080),
(7638, 6080),
(7639, 6081),
(7640, 6082),
(7641, 6083),
(7642, 6084),
(7643, 6085),
(7644, 6086),
(7645, 6087),
(7646, 6088),
(7647, 6089),
(7648, 6090),
(7649, 6091),
(7650, 6091),
(7651, 6092),
(7652, 6093),
(7653, 6094),
(7654, 6095),
(7655, 6096),
(7656, 6097),
(7657, 6098),
(7658, 6099),
(7659, 6100),
(7660, 6100),
(7661, 6101),
(7662, 6102),
(7663, 6102),
(7664, 6102),
(7665, 6103),
(7666, 6104),
(7667, 6104),
(7668, 6105),
(7669, 6106),
(7670, 6107),
(7671, 6108),
(7672, 6108),
(7673, 6109),
(7674, 6109),
(7675, 6110),
(7676, 6110),
(7677, 6110),
(7678, 6111),
(7679, 6112),
(7680, 6112),
(7681, 6113),
(7682, 6114),
(7683, 6115),
(7684, 6116),
(7685, 6117),
(7686, 6117),
(7687, 6117),
(7688, 6118),
(7689, 6119),
(7690, 6120),
(7691, 6121),
(7692, 6122),
(7693, 6122),
(7694, 6122),
(7695, 6123),
(7696, 6124),
(7697, 6124),
(7698, 6124),
(7699, 6125),
(7700, 6126),
(7701, 6126),
(7702, 6127),
(7703, 6128),
(7704, 6128),
(7705, 6129),
(7706, 6129),
(7707, 6130),
(7708, 6131),
(7709, 6131),
(7710, 6132),
(7711, 6132),
(7712, 6132),
(7713, 6133),
(7714, 6133),
(7715, 6134),
(7716, 6134),
(7717, 6134),
(7718, 6135),
(7719, 6136),
(7720, 6137),
(7721, 6137),
(7722, 6137),
(7723, 6138),
(7724, 6138),
(7725, 6138),
(7726, 6139),
(7727, 6139),
(7728, 6139),
(7729, 6140),
(7730, 6140),
(7731, 6140),
(7732, 6141),
(7733, 6142),
(7734, 6142),
(7735, 6143),
(7736, 6143),
(7737, 6143),
(7738, 6144),
(7739, 6144),
(7740, 6144),
(7741, 6145),
(7742, 6145),
(7743, 6146),
(7744, 6146),
(7745, 6147),
(7746, 6148),
(7747, 6149),
(7748, 6149),
(7749, 6150),
(7750, 6150),
(7751, 6150),
(7752, 6151),
(7753, 6152),
(7754, 6153),
(7755, 6153),
(7756, 6154),
(7757, 6155),
(7758, 6155),
(7759, 6155),
(7760, 6156),
(7761, 6156),
(7762, 6157),
(7763, 6157),
(7764, 6157),
(7765, 6158),
(7766, 6158),
(7767, 6159),
(7768, 6159),
(7769, 6160),
(7770, 6160),
(7771, 6161),
(7772, 6162),
(7773, 6162),
(7774, 6163),
(7775, 6164),
(7776, 6165),
(7777, 6166),
(7778, 6166),
(7779, 6167),
(7780, 6167),
(7781, 6168),
(7782, 6169),
(7783, 6170),
(7784, 6171),
(7785, 6172),
(7786, 6173),
(7787, 6174),
(7788, 6175),
(7789, 6176),
(7790, 6177),
(7791, 6178),
(7792, 6179),
(7793, 6180),
(7794, 6181),
(7795, 6182),
(7796, 6183),
(7797, 6184),
(7798, 6185),
(7799, 6186),
(7800, 6187),
(7801, 6188),
(7802, 6189),
(7803, 6190),
(7804, 6191),
(7805, 6192),
(7806, 6193),
(7807, 6194),
(7808, 6195),
(7809, 6196),
(7810, 6197),
(7811, 6198),
(7812, 6199),
(7813, 6200),
(7814, 6201),
(7815, 6202),
(7816, 6203),
(7817, 6204),
(7818, 6205),
(7819, 6206),
(7820, 6207),
(7821, 6208),
(7822, 6209),
(7823, 6210),
(7824, 6211),
(7825, 6212),
(7826, 6213),
(7827, 6214),
(7828, 6215),
(7829, 6216),
(7830, 6217),
(7831, 6218),
(7832, 6219),
(7833, 6220),
(7834, 6221),
(7835, 6222),
(7836, 6223),
(7837, 6224),
(7838, 6225),
(7839, 6226),
(7840, 6227),
(7841, 6228),
(7842, 6229),
(7843, 6230),
(7844, 6231),
(7845, 6232),
(7846, 6233),
(7847, 6234),
(7848, 6235),
(7849, 6236),
(7850, 6237),
(7851, 6238),
(7852, 6239),
(7853, 6240),
(7854, 6241),
(7855, 6242),
(7856, 6243),
(7857, 6244),
(7858, 6245),
(7859, 6246),
(7860, 6247),
(7861, 6248),
(7862, 6249),
(7863, 6250),
(7864, 6251),
(7865, 6252),
(7866, 6253),
(7867, 6254),
(7868, 6255),
(7869, 6256),
(7870, 6257),
(7871, 6258),
(7872, 6259),
(7873, 6260),
(7874, 6261),
(7875, 6262),
(7876, 6263),
(7877, 6264),
(7878, 6265),
(7879, 6266),
(7880, 6267),
(7881, 6268),
(7882, 6269),
(7883, 6270),
(7884, 6271),
(7885, 6272),
(7886, 6273),
(7887, 6274),
(7888, 6275),
(7889, 6276),
(7890, 6277),
(7891, 6278),
(7892, 6279),
(7893, 6280),
(7894, 6281),
(7895, 6282),
(7896, 6283),
(7897, 6284),
(7898, 6284),
(7899, 6285),
(7900, 6285),
(7901, 6286),
(7902, 6287),
(7903, 6288),
(7904, 6289),
(7905, 6290),
(7906, 6291),
(7907, 6292),
(7908, 6293),
(7909, 6294),
(7910, 6294),
(7911, 6295),
(7912, 6296),
(7913, 6297),
(7914, 6296),
(7915, 6296),
(7916, 6298),
(7917, 6298),
(7918, 6299),
(7919, 6300),
(7920, 6301),
(7921, 6301),
(7922, 6302),
(7923, 6303),
(7924, 6304),
(7925, 6305),
(7926, 6306),
(7927, 6307),
(7906, 6308),
(7928, 6309),
(7929, 6310),
(7930, 6311),
(7931, 6312),
(7932, 6313),
(7933, 6314),
(7934, 6315),
(7935, 6316),
(7936, 6317),
(7937, 6318),
(7938, 6319),
(7939, 6320),
(7940, 6321),
(7941, 6322),
(7942, 6323),
(7943, 6324),
(7906, 6325),
(7944, 6325),
(7945, 6326),
(7946, 6327),
(7947, 6328),
(7948, 6329),
(7949, 6330),
(7950, 6331),
(7951, 6332),
(7952, 6333),
(7953, 6334),
(7954, 6335),
(7955, 6336),
(7956, 6337),
(7957, 6337),
(7958, 6338),
(7959, 6339),
(7960, 6339),
(7961, 6340),
(7962, 6341),
(7937, 6342),
(7963, 6343),
(7964, 6343),
(7965, 6344),
(7966, 6345),
(7967, 6346),
(7968, 6347),
(7969, 6348),
(7970, 6349),
(7971, 6350),
(7972, 6351),
(7973, 6352),
(7974, 6353),
(7975, 6354),
(7976, 6354),
(7977, 6355),
(7978, 6355),
(7979, 6355),
(7980, 6356),
(7981, 6356),
(7982, 6357),
(7983, 6357),
(7984, 6358),
(7985, 6358),
(7986, 6359),
(7987, 6359),
(7988, 6360),
(7989, 6361),
(7990, 6362),
(7991, 6362),
(7992, 6363),
(7993, 6364),
(7994, 6365),
(7995, 6366),
(7996, 6366),
(7997, 6367),
(7998, 6367),
(7999, 6368),
(8000, 6368),
(8001, 6369),
(8002, 6370),
(8003, 6371),
(8004, 6372),
(8005, 6372),
(8006, 6372),
(8007, 6373),
(8008, 6374),
(8009, 6375),
(8010, 6375),
(8011, 6376),
(8012, 6377),
(8013, 6378),
(8014, 6379),
(8015, 6379),
(8016, 6380),
(8017, 6381),
(8018, 6382),
(8019, 6382),
(8020, 6383),
(8021, 6383),
(8022, 6383),
(8023, 6384),
(8033, 6397);

-- --------------------------------------------------------

--
-- Table structure for table `prizes`
--

CREATE TABLE `prizes` (
  `id` int NOT NULL,
  `year` char(4) COLLATE utf8mb4_general_ci NOT NULL,
  `category` char(16) COLLATE utf8mb4_general_ci NOT NULL,
  `contrib_sk` varchar(2048) COLLATE utf8mb4_general_ci NOT NULL,
  `contrib_en` varchar(2048) COLLATE utf8mb4_general_ci NOT NULL,
  `details_id` int DEFAULT NULL
) ENGINE=InnoDB DEFAULT CHARSET=utf8mb4 COLLATE=utf8mb4_general_ci;

--
-- Dumping data for table `prizes`
--

INSERT INTO `prizes` (`id`, `year`, `category`, `contrib_sk`, `contrib_en`, `details_id`) VALUES
(5851, '1901', 'fyzika', 'za objav žiarenia, následne pomenovaného podľa neho', 'in recognition of the extraordinary services he has rendered by the discovery of the remarkable rays subsequently named after him', NULL),
(5852, '1902', 'fyzika', 'za výskum vplyvu magnetizmu na žiarenie', 'in recognition of the extraordinary service they rendered by their researches into the influence of magnetism upon radiation phenomena', NULL),
(5853, '1903', 'fyzika', 'za objav spontánnej rádioaktivity', 'for his discovery of spontaneous radioactivity', NULL),
(5854, '1903', 'fyzika', 'za výskum žiarenia objaveného prof. Henrim Becquerelom', 'for his discovery of spontaneous radioactivity', NULL),
(5855, '1904', 'fyzika', 'za výskum hustôt najdôležitejších plynov a s tým súvisiaci objav argónu', 'for his investigations of the densities of the most important gases and for his discovery of argon in connection with these studies', NULL),
(5856, '1905', 'fyzika', 'za výskum katódového žiarenia', 'for his work on cathode rays', NULL),
(5857, '1906', 'fyzika', 'za výskum elektrickej vodivosti plynov', 'for his theoretical and experimental investigations on the conduction of electricity by gases', NULL),
(5858, '1907', 'fyzika', 'za jeho presné optické prístroje a výskum v oblasti spektroskopie a metrológie, realizovaný pomocou nich', 'for his optical precision instruments and the spectroscopic and metrological investigations carried out with their aid', NULL),
(5859, '1908', 'fyzika', 'za metódu fotografickej reprodukcie farieb s využitím interferencie', 'for his method of reproducing colours photographically based on the phenomenon of interference', NULL),
(5860, '1909', 'fyzika', 'za príspevky k rozvoju bezdrôtovej telegrafie', 'for their contributions to the development of wireless telegraphy', NULL),
(5861, '1910', 'fyzika', 'za prácu na stavovej rovnici plynov a kvapalín', 'for his work on the equation of state for gases and liquids', NULL),
(5862, '1911', 'fyzika', 'za objavy v oblasti zákonov vyžarovania tepla', 'for his discoveries regarding the laws governing the radiation of heat', NULL),
(5863, '1912', 'fyzika', 'za vynález slnečného ventilu – automatického regulátora, používaného v plynových lampách v majákoch a bójach', 'for his invention of automatic valves designed to be used in combination with gas accumulators in lighthouses and buoys', NULL),
(5864, '1913', 'fyzika', 'za výskum vlastností hmoty pri nízkych teplotách, čo viedlo, okrem iného, k výrobe tekutého hélia', 'for his investigations on the properties of matter at low temperatures which led, inter alia, to the production of liquid helium', NULL),
(5865, '1914', 'fyzika', 'za objav rozptylu röntgenového žiarenia na kryštáloch', 'For his discovery of the diffraction of X-rays by crystals, an important step in the development of X-ray spectroscopy.', NULL),
(5866, '1915', 'fyzika', 'za výskum v oblasti analýzy kryštálových štruktúr pomocou röntgenového žiarenia, významného kroku pre rozvoj röntgenovej kryštalografie', 'For their services in the analysis of crystal structure by means of X-rays\', an important step in the development of X-ray crystallography', NULL),
(5867, '1917', 'fyzika', 'za objav charakteristického röntgenového žiarenia prvkov', 'For his discovery of the characteristic Röntgen radiation of the elements\', another important step in the development of X-ray spectroscopy', NULL),
(5868, '1918', 'fyzika', 'za príspevok k pokroku vo fyzike prostredníctvom objavu energetických kvánt', 'for the services he rendered to the advancement of physics by his discovery of energy quanta', NULL),
(5869, '1919', 'fyzika', 'za objav Dopplerovho javu pri kanálových lúčoch a štiepenie spektrálnych čiar v elektrickom poli (Starkov jav)', 'for his discovery of the Doppler effect in canal rays and the splitting of spectral lines in electric fields', NULL),
(5870, '1920', 'fyzika', 'za objav anomálií v niklovej oceli, čo prispelo k rozvoju presných fyzikálnych meraní', 'for the service he has rendered to precision measurements in physics by his discovery of anomalies in nickel-steel alloys', NULL),
(5871, '1921', 'fyzika', 'za príspevky k teoretickej fyzike, najmä za objav zákonitostí fotoelektrického javu', 'for his services to theoretical physics, and especially for his discovery of the law of the photoelectric effect', NULL),
(5872, '1922', 'fyzika', 'za výskum štruktúry atómov a nimi emitovaného žiarenia', 'for his services in the investigation of the structure of atoms and of the radiation emanating from them', NULL),
(5873, '1923', 'fyzika', 'za výskum elementárneho elektrického náboja a fotoelektrického javu', 'for his work on the elementary charge of electricity and on the photoelectric effect', NULL),
(5874, '1924', 'fyzika', 'za objavy a výskum v oblasti röntgenovej spektroskopie', 'for his discoveries and research in the field of X-ray spectroscopy', NULL),
(5875, '1925', 'fyzika', 'za objav zákonov, ktorými sa riadi zrážka elektrónu s atómom', 'for their discovery of the laws governing the impact of an electron upon an atom', NULL),
(5876, '1926', 'fyzika', 'za výskum nespojitých stavov hmoty, najmä za objav sedimentačnej rovnováhy', 'for his work on the discontinuous structure of matter, and especially for his discovery of sedimentation equilibrium', NULL),
(5877, '1927', 'fyzika', 'za objav po ňom pomenovaného javu', 'for his discovery of the effect named after him', NULL),
(5878, '1927', 'fyzika', 'za objav metódy zobrazovania trajektórií elektricky nabitých častíc pomocou kondenzácie presýtených pár', 'for his method of making the paths of electrically charged particles visible by condensation of vapour', NULL),
(5879, '1928', 'fyzika', 'za výskum tepelnej emisie, najmä za objav po ňom pomenovaného zákona', 'for his work on the thermionic phenomenon and especially for the discovery of the law named after him', NULL),
(5880, '1929', 'fyzika', 'za objav vlnovej povahy elektrónov', 'for his discovery of the wave nature of electrons', NULL),
(5881, '1930', 'fyzika', 'za výskum svetelného rozptylu a objav po ňom pomenovaného javu', 'for his work on the scattering of light and for the discovery of the effect named after him', NULL),
(5882, '1932', 'fyzika', 'za vytvorenie kvantovej mechaniky, ktorej aplikácia viedla okrem iného k objavu alotropických foriem vodíka', 'for the creation of quantum mechanics, the application of which has, inter alia, led to the discovery of the allotropic forms of hydrogen', NULL),
(5883, '1933', 'fyzika', 'za objav nových foriem atómovej teórie', 'for the discovery of new productive forms of atomic theory', NULL),
(5884, '1935', 'fyzika', 'za objav neutrónu', 'for the discovery of the neutron', NULL),
(5885, '1936', 'fyzika', 'za objav kozmického žiarenia', 'for his discovery of cosmic radiation', NULL),
(5886, '1936', 'fyzika', 'za objav pozitrónu', 'for his discovery of the positron', NULL),
(5887, '1937', 'fyzika', 'za experimentálny objav difrakcie elektrónov na kryštáloch', 'for their experimental discovery of the diffraction of electrons by crystals', NULL),
(5888, '1938', 'fyzika', 'za potvrdenie existencie nových rádioaktívnych prvkov, vytvorených neutrónovým ožarovaním a s tým spojený objav jadrových reakcií, spôsobených pomalými neutrónmi', 'for his demonstrations of the existence of new radioactive elements produced by neutron irradiation, and for his related discovery of nuclear reactions brought about by slow neutrons', NULL),
(5889, '1939', 'fyzika', 'za vynález cyklotrónu a ním získané výsledky, najmä tie, týkajúce sa umelých rádioaktívnych prvkov', 'for the invention and development of the cyclotron and for results obtained with it, especially with regard to artificial radioactive elements', NULL),
(5890, '1943', 'fyzika', 'za príspevok k vývoju metódy molekulárnych lúčov a objav magnetického momentu protónu', 'for his contribution to the development of the molecular ray method and his discovery of the magnetic moment of the proton', NULL),
(5891, '1944', 'fyzika', 'za jeho rezonančnú metódu zisťovania magnetických vlastností atómových jadier', 'for his resonance method for recording the magnetic properties of atomic nuclei', NULL),
(5892, '1945', 'fyzika', 'za objav vylučovacieho princípu, pomenovaného po ňom (Pauliho vylučovací princíp)', 'for the discovery of the Exclusion Principle, also called the Pauli principle', NULL),
(5893, '1946', 'fyzika', 'za vynález aparatúry pre vytváranie extrémne vysokých tlakov a s ňou zrealizované objavy v odbore fyziky vysokých tlakov', 'for the invention of an apparatus to produce extremely high pressures, and for the discoveries he made there within the field of high pressure physics', NULL),
(5894, '1947', 'fyzika', 'za výskum fyziky vyšších vrstiev atmosféry, najmä za objav tzv. Appletonovej vrstvy', 'for his investigations of the physics of the upper atmosphere especially for the discovery of the so-called Appleton layer', NULL),
(5895, '1948', 'fyzika', 'za rozvoj Wilsonovej metódy hmlovej komory a súvisiace objavy v oblasti jadrovej fyziky a kozmického žiarenia', 'for his development of the Wilson cloud chamber method, and his discoveries therewith in the fields of nuclear physics and cosmic radiation', NULL),
(5896, '1949', 'fyzika', 'za predpoveď existencie mezónov na základe teoretického výskumu jadrových síl', 'for his prediction of the existence of mesons on the basis of theoretical work on nuclear forces', NULL),
(5897, '1950', 'fyzika', 'za vývoj fotografickej metódy výskumu jadrových procesov a s jej pomocou zrealizované objavy, týkajúce sa mezónov', 'for his development of the photographic method of studying nuclear processes and his discoveries regarding mesons made with this method', NULL),
(5898, '1951', 'fyzika', 'za priekopnícky výskum transmutácie atómových jadier pomocou umelo urýchlených atómových častíc', 'for their pioneer work on the transmutation of atomic nuclei by artificially accelerated atomic particles', NULL),
(5899, '1952', 'fyzika', 'za rozvoj nových metód pre presné merania jadrového magnetizmu a s tým súvisiace objavy', 'for their development of new methods for nuclear magnetic precision measurements and discoveries in connection therewith', NULL),
(5900, '1953', 'fyzika', 'za objav fázovo kontrastnej metódy, najmä za vynález fázovo kontrastného mikroskopu', 'for his demonstration of the phase contrast method, especially for his invention of the phase contrast microscope', NULL),
(5901, '1954', 'fyzika', 'za zásadný výskum v oblasti kvantovej mechaniky, najmä za štatistickú interpretáciu vlnovej funkcie', 'for his fundamental research in quantum mechanics, especially for his statistical interpretation of the wavefunction', NULL),
(5902, '1954', 'fyzika', 'za vynález koincidenčnej metódy a pomocou nej zrealizované objavy', 'for the coincidence method and his discoveries made therewith', NULL),
(5903, '1955', 'fyzika', 'za objavy, týkajúce sa jemnej štruktúry vodíkového spektra', 'for his discoveries concerning the fine structure of the hydrogen spectrum', NULL),
(5904, '1955', 'fyzika', 'za presné určenie magnetického momentu elektrónu', 'for his precision determination of the magnetic moment of the electron', NULL),
(5905, '1956', 'fyzika', 'za výskum polovodičov a objav tranzistorového javu', 'for their researches on semiconductors and their discovery of the transistor effect', NULL),
(5906, '1958', 'fyzika', 'za objav a interpretáciu Čerenkovovho javu', 'for the discovery and the interpretation of the Cherenkov effect', NULL),
(5907, '1959', 'fyzika', 'za objav antiprotónu', 'for their discovery of the antiproton', NULL),
(5908, '1960', 'fyzika', 'za vynález bublinkovej komory', 'for the invention of the bubble chamber', NULL),
(5909, '1961', 'fyzika', 'za priekopnícky výskum rozptylu elektrónov na atómových jadrách a následne dosiahnuté objavy týkajúce sa štruktúry nukleónov', 'for his pioneering studies of electron scattering in atomic nuclei and for his thereby achieved discoveries concerning the structure of the nucleons', NULL),
(5910, '1961', 'fyzika', 'za výskum rezonančnej absorpcie gama žiarenia a s tým súvisiaci objav javu, ktorý bol po ňom pomenovaný', 'for his researches concerning the resonance absorption of gamma radiation and his discovery in this connection of the effect which bears his name', NULL),
(5911, '1962', 'fyzika', 'za priekopnícke teórie hmoty v kondenzovanom stave, najmä tekutého hélia', 'for his pioneering theories for condensed matter, especially liquid helium', NULL),
(5912, '1963', 'fyzika', 'za príspevky k teórii atómového jadra a elementárnych častíc, osobitne objav a aplikáciu fundamentálnych princípov symetrie', 'for his contributions to the theory of the atomic nucleus and the elementary particles, particularly through the discovery and application of fundamental symmetry principles', NULL),
(5913, '1963', 'fyzika', 'za objavy, týkajúce sa orbitálov v atómových jadrách', 'for their discoveries concerning nuclear shell structure', NULL),
(5914, '1964', 'fyzika', 'za zásadný výskum v oblasti kvantovej elektroniky, vedúci ku konštrukcii oscilátorov a zosilňovačov, založených na princípe maserov a laserov', 'for fundamental work in the field of quantum electronics, which has led to the construction of oscillators and amplifiers based on the maser–laser principle', NULL),
(5915, '1965', 'fyzika', 'za zásadnú prácu v oblasti kvantovej elektrodynamiky s hlbokými dôsledkami pre časticovú fyziku', 'for their fundamental work in quantum electrodynamics (QED), with deep-ploughing consequences for the physics of elementary particles', NULL),
(5916, '1966', 'fyzika', 'za objav a rozvoj optických metód pre štúdium hertzovských rezonancií v atómoch', 'for the discovery and development of optical methods for studying Hertzian resonances in atoms', NULL),
(5917, '1967', 'fyzika', 'za príspevky k teórii jadrových reakcií, najmä objavy týkajúce sa získavania energie v hviezdach', 'for his contributions to the theory of nuclear reactions, especially his discoveries concerning the energy production in stars', NULL),
(5918, '1968', 'fyzika', 'za rozhodujúce príspevky k časticovej fyzike, najmä objav veľkého množstva rezonančných stavov, umožnený jeho predošlým rozvojom techník vodíkovej bublinkovej komory a analýzy údajov', 'for his decisive contributions to elementary particle physics, in particular the discovery of a large number of resonance states, made possible through his development of the technique of using hydrogen bubble chamber and data analysis', NULL),
(5919, '1969', 'fyzika', 'za príspevky a objavy v oblasti klasifikácie elementárnych častíc a ich interakcií', 'for his contributions and discoveries concerning the classification of elementary particles and their interactions', NULL),
(5920, '1970', 'fyzika', 'za zásadnú prácu a objavy v oblasti magnetohydrodynamiky s bohatým uplatnením v rôznych častiach fyziky plazmy', 'for fundamental work and discoveries in magneto-hydrodynamics with fruitful applications in different parts of plasma physics', NULL),
(5921, '1970', 'fyzika', 'za zásadnú prácu a objavy týkajúce sa antiferomagnetizmu a ferimagnetizmu, ktoré viedli k dôležitým aplikáciám vo fyzike pevných látok', 'for fundamental work and discoveries concerning antiferromagnetism and ferrimagnetism which have led to important applications in solid state physics', NULL),
(5922, '1971', 'fyzika', 'za objav a rozvoj holografie', 'for his invention and development of the holographic method', NULL),
(5923, '1972', 'fyzika', 'za ich spoločne vypracovanú teóriu supravodivosti, známu ako „BCS teória“', 'for their jointly developed theory of superconductivity, usually called the BCS-theory', NULL),
(5924, '1974', 'fyzika', 'za priekopnícky výskum v oblasti rádiovej astrofyziky: za pozorovanie a vynálezy, najmä za techniku apertúrovej syntézy', 'for their pioneering research in radio astrophysics: for his observations and inventions, in particular of the aperture synthesis technique', NULL),
(5925, '1974', 'fyzika', 'za priekopnícky výskum v oblasti rádiovej astrofyziky: za kľúčovú rolu pri objave pulzarov', 'for their pioneering research in radio astrophysics: for his decisive role in the discovery of pulsars', NULL),
(5926, '1975', 'fyzika', 'za objav vzťahov medzi pohybom atómového jadra a pohybom častíc vnútri jadra a rozvoj teórie štruktúry atómových jadier na základe týchto vzťahov', 'for the discovery of the connection between collective motion and particle motion in atomic nuclei and the development of the theory of the structure of the atomic nucleus based on this connection', NULL),
(5927, '1976', 'fyzika', 'za priekopnícku prácu pri objave nového druhu ťažkej elementárnej častice', 'for their pioneering work in the discovery of a heavy elementary particle of a new kind', NULL),
(5928, '1977', 'fyzika', 'za zásadné teoretické výskumy elektrónovej štruktúry magnetických a neusporiadaných systémov', 'for their fundamental theoretical investigations of the electronic structure of magnetic and disordered systems', NULL),
(5929, '1978', 'fyzika', 'za zásadné vynálezy a objavy v oblasti fyziky nízkych teplôt', 'for his basic inventions and discoveries in the area of low-temperature physics', NULL),
(5930, '1978', 'fyzika', 'za objav mikrovlnového pozadia', 'for their discovery of cosmic microwave background radiation', NULL),
(5931, '1979', 'fyzika', 'za príspevky k teórii elektroslabej interakcie medzi elementárnymi časticami, vrátane predpovede slabého neutrálneho prúdu', 'for their contributions to the theory of the unified weak and electromagnetic interaction between elementary particles, including, inter alia, the prediction of the weak neutral current', NULL),
(5932, '1980', 'fyzika', 'za objav narušenia fundamentálnych princípov symetrie pri rozpade neutrálnych K-mezónov', 'for the discovery of violations of fundamental symmetry principles in the decay of neutral K-mesons', NULL),
(5933, '1981', 'fyzika', 'za príspevky k rozvoju laserovej spektroskopie', 'for their contribution to the development of laser spectroscopy', NULL),
(5934, '1981', 'fyzika', 'za príspevok k rozvoju elektrónovej spektroskopie s vysokým rozlíšením', 'for his contribution to the development of high-resolution electron spectroscopy', NULL),
(5935, '1982', 'fyzika', 'za teóriu kritických javov v súvislosti s fázovými premenami', 'for his theory for critical phenomena in connection with phase transitions', NULL),
(5936, '1983', 'fyzika', 'za teoretický výskum fyzikálnych procesov dôležitých pre štruktúru a vývoj hviezd', 'for his theoretical studies of the physical processes of importance to the structure and evolution of the stars', NULL),
(5937, '1983', 'fyzika', 'za teoretický a experimentálny výskum jadrových reakcií dôležitých pre vývoj chemických prvkov vo vesmíre', 'for his theoretical and experimental studies of the nuclear reactions of importance in the formation of the chemical elements in the universe', NULL),
(5938, '1984', 'fyzika', 'za rozhodujúce príspevky k rozsiahlemu projektu vedúcemu k objavu intermediálnych častíc W a Z, sprostredkúvajúcich slabé interakcie', 'for their decisive contributions to the large project, which led to the discovery of the field particles W and Z, communicators of weak interaction', NULL),
(5939, '1986', 'fyzika', 'za zásadnú prácu v oblasti elektrónovej optiky a za návrh prvého elektrónového mikroskopu', 'for his fundamental work in electron optics, and for the design of the first electron microscope', NULL),
(5940, '1986', 'fyzika', 'za návrh rastrovacieho tunelového mikroskopu', 'for their design of the scanning tunneling microscope', NULL),
(5941, '1987', 'fyzika', 'za prelomový objav supravodivosti v keramických materiáloch', 'for their important break-through in the discovery of superconductivity in ceramic materials', NULL),
(5942, '1988', 'fyzika', 'za metódu neutrínového zväzku a demonštráciu existencie leptónových dubletov prostredníctvom objavu miónového neutrína', 'for the neutrino beam method and the demonstration of the doublet structure of the leptons through the discovery of the muon neutrino', NULL),
(5943, '1989', 'fyzika', 'za vynález metódy separovaných oscilujúcich polí a jej využitie pri vodíkových maseroch a iných atómových hodinách', 'for the invention of the separated oscillatory fields method and its use in the hydrogen maser and other atomic clocks', NULL),
(5944, '1989', 'fyzika', 'za vývoj metódy iónovej pasce', 'for the development of the ion trap technique', NULL),
(5945, '1990', 'fyzika', 'za priekopnícke výskumy, týkajúce sa hlbokých nepružných rozptylov elektrónov na protónoch a viazaných neutrónoch, ktoré mali zásadný význam pre vývoj kvarkového modelu časticovej fyziky', 'for their pioneering investigations concerning deep inelastic scattering of electrons on protons and bound neutrons, which have been of essential importance for the development of the quark model in particle physics', NULL),
(5946, '1991', 'fyzika', 'za objav, že metódy vyvinuté pre štúdium javov v jednoduchých usporiadaných systémoch možno zovšeobecniť na zložitejšie formy hmoty, najmä na kvapalné kryštály a polyméry', 'for discovering that methods developed for studying order phenomena in simple systems can be generalized to more complex forms of matter, in particular to liquid crystals and polymers', NULL),
(5947, '1992', 'fyzika', 'za vynález a vývoj časticových detektorov, najmä drôtovej komory', 'for his invention and development of particle detectors, in particular the multiwire proportional chamber', NULL),
(5948, '1994', 'fyzika', 'za priekopnícke príspevky k technike ​rozptylu neutrónov pre štúdium látok v kondenzovanom stave: za rozvoj neutrónovej spektroskopie', 'for the development of neutron spectroscopy and for pioneering contributions to the development of neutron scattering techniques for studies of condensed matter', NULL),
(5949, '1994', 'fyzika', 'za priekopnícke príspevky k technike ​rozptylu neutrónov pre štúdium látok v kondenzovanom stave: za rozvoj techniky difrakcie neutrónov', 'for the development of the neutron diffraction technique and for pioneering contributions to the development of neutron scattering techniques for studies of condensed matter', NULL),
(5950, '1995', 'fyzika', 'za priekopnícke experimentálne príspevky k leptónovej fyzike: za objav tauónu', 'for the discovery of the tau lepton and for pioneering experimental contributions to lepton physics', NULL),
(5951, '1995', 'fyzika', 'za priekopnícke experimentálne príspevky k leptónovej fyzike: za detekciu neutrína', 'for the detection of the neutrino and for pioneering experimental contributions to lepton physics', NULL),
(5952, '1996', 'fyzika', 'za objav supratekutosti hélia-3', 'for their discovery of superfluidity in helium-3', NULL),
(5953, '1999', 'fyzika', 'za objasnenie kvantovej štruktúry elektroslabých interakcií vo fyzike', 'for elucidating the quantum structure of electroweak interactions in physics', NULL),
(5954, '2000', 'fyzika', 'za zásadnú prácu v oblasti informačnej a telekomunikačnej technológie: za vývoj polovodičových heteroštruktúr s využitím vo vysokorýchlostnej optoelektronike', 'for developing semiconductor heterostructures used in high-speed- and optoelectronics', NULL),
(5955, '2000', 'fyzika', 'za zásadnú prácu v oblasti informačnej a telekomunikačnej technológie: za podiel na vynáleze integrovaného obvodu', 'for his part in the invention of the integrated circuit', NULL),
(5956, '2002', 'fyzika', 'za priekopnícke príspevky v oblasti astrofyziky, najmä detekciu kozmických neutrín', 'for pioneering contributions to astrophysics, in particular for the detection of cosmic neutrinos', NULL),
(5957, '2002', 'fyzika', 'za priekopnícke príspevky v oblasti astrofyziky, vedúce k objavu kozmických zdrojov röntgenového žiarenia', 'for pioneering contributions to astrophysics, which have led to the discovery of cosmic X-ray sources', NULL),
(5958, '2003', 'fyzika', 'za priekopnícke príspevky k teórii supravodičov a supratekutín', 'for pioneering contributions to the theory of superconductors and superfluids', NULL),
(5959, '2005', 'fyzika', 'za príspevok ku kvantovej teórii optickej koherencie', 'for his contribution to the quantum theory of optical coherence', NULL),
(5960, '2007', 'fyzika', 'za objav gigantickej magnetorezistencie (GMR)', 'for the discovery of giant magnetoresistance', NULL),
(5961, '2008', 'fyzika', 'za objav pôvodu narušenej symetrie a predpoveď existencie najmenej troch rodín kvarkov', 'for the discovery of the origin of the broken symmetry which predicts the existence of at least three families of quarks in nature', NULL),
(5962, '2008', 'fyzika', 'za objav mechanizmu spontánneho narušenia symetrie v časticovej fyzike', 'for the discovery of the mechanism of spontaneous broken symmetry in subatomic physics', NULL),
(5963, '2009', 'fyzika', 'za prelomové úspechy, týkajúce sa prenosu svetla optickými vláknami', 'for groundbreaking achievements concerning the transmission of light in fibers for optical communication', NULL),
(5964, '2009', 'fyzika', 'za vynález polovodičového snímkovacieho obvodu – CCD snímača', 'for the invention of an imaging semiconductor circuit – the CCD sensor', NULL),
(5965, '2014', 'fyzika', 'za vynález efektívnej modrej luminiscenčnej diódy, ktorý umožnil vznik výkonných a úsporných bielych svetelných zdrojov', 'for the invention of efficient blue light-emitting diodes which has enabled bright and energy-saving white light sources', NULL),
(5966, '2016', 'fyzika', 'za teoretické objavy topologických fázových premien a topologických fáz hmoty', 'for theoretical discoveries of topological phase transitions and topological phases of matter', NULL),
(5967, '2018', 'fyzika', 'za prelomové objavy v odbore laserovej fyziky', 'for groundbreaking inventions in the field of laser physics, in particular for the optical tweezers and their application to biological systems', NULL),
(5968, '1901', 'chémia', 'ako uznanie za výnimočné služby ktoré poskytol svojim objavom zákonov chemickej dynamiky a osmotického tlaku v roztokoch', 'for his discovery of the laws of chemical dynamics and osmotic pressure in solutions', NULL),
(5969, '1902', 'chémia', 'ako uznanie za výnimočné služby ktoré poskytol svojou prácou na syntéze cukrov a purínov', 'for his work on sugar and purine syntheses', NULL),
(5970, '1903', 'chémia', 'ako uznanie za výnimočné služby ktoré poskytol pri pokroku v chémii svojou elektrolytickou teóriou disociácie', 'for his electrolytic theory of dissociation', NULL),
(5971, '1904', 'chémia', 'ako uznanie za služby pri objave inertných plynných prvkov vo vzduchu a za určenie ich miesta v periodickom systéme', 'for his discovery of the inert gaseous elements in air, and his determination of their place in the periodic system', NULL),
(5972, '1905', 'chémia', 'ako uznanie za služby pri pokroku v organickej chémii a v chemickom priemysle prostredníctvom svojej práce na organických farbivách a hydroaromatických zlúčeninách', 'for the advancement of organic chemistry and the chemical industry, through his work on organic dyes and hydroaromatic compounds', NULL),
(5973, '1906', 'chémia', 'ako uznanie za výnimočné služby ktoré poskytol svojim výskumom a izoláciou prvku fluór, ako aj za vývoj elektrickej pece, ktorá je po ňom pomenovaná', 'for his investigation and isolation of the element fluorine, and for the electric furnace called after him', NULL),
(5974, '1907', 'chémia', 'za svoj biochemický výskum a za objav bezbunkového kvasenia', 'for his biochemical researches and his discovery of cell-free fermentation', NULL),
(5975, '1908', 'chémia', 'za svoj výskum v oblasti rozpadu prvkov a chémie rádioaktívnych látok', 'for his investigations into the disintegration of the elements, and the chemistry of radioactive substances', NULL),
(5976, '1909', 'chémia', 'ako uznanie za prácu v oblasti katalýzy a za svoj výskum v oblasti základných princípov riadiacich chemickú rovnováhu a rýchlosť reakcie', 'for his work on catalysis and for his investigations into the fundamental principles governing chemical equilibria and rates of reaction', NULL),
(5977, '1910', 'chémia', 'za jeho prácu na poli acyklických zlúčenín', 'for his services to organic chemistry and the chemical industry by his pioneer work in the field of alicyclic compounds', NULL),
(5978, '1911', 'chémia', 'za jej objav rádia a polónia a ďalšieho štúdia rádia', 'for the discovery of the elements radium and polonium, by the isolation of radium and the study of the nature and compounds of this remarkable element', NULL),
(5979, '1912', 'chémia', 'za jeho objav Grignardovho činidla', 'for the discovery of the  Grignard reagent', NULL),
(5980, '1912', 'chémia', 'za jeho metódu hydrogenácie organických zlúčenín', 'for his method of hydrogenating organic compounds in the presence of finely disintegrated metals', NULL),
(5981, '1913', 'chémia', 'za jeho prácu na spájaní atómov v molekulách', 'for his work on the linkage of atoms in molecules  especially in inorganic chemistry', NULL),
(5982, '1914', 'chémia', 'za jeho určenie atómovej hmotnosti veľkého počtu prvkov', 'for his accurate determinations of the atomic weight of a large number of chemical elements', NULL),
(5983, '1915', 'chémia', 'za jeho výskum rastlinných pigmentov', 'for his researches on plant pigments, especially chlorophyll', NULL),
(5984, '1918', 'chémia', 'za jeho syntézu amoniaku', 'for the synthesis of ammonia from its elements', NULL),
(5985, '1920', 'chémia', 'za jeho prácu v termochémii', 'for his work in thermochemistry', NULL),
(5986, '1921', 'chémia', 'za jeho prácu na chémii rádioaktívnych látok a výskum izotopov', 'for his contributions to our knowledge of the chemistry of radioactive substances, and his investigations into the origin and nature of isotopes', NULL),
(5987, '1922', 'chémia', 'za jeho objav izotopov veľkého množstva nerádioaktívnych prvkov a za jeho celočíselné pravidlo', 'for his discovery, by means of his mass spectrograph, of isotopes, in a large number of non-radioactive elements, and for his enunciation of the whole-number rule', NULL),
(5988, '1923', 'chémia', 'za jeho objav metódy mikroanalýzy organických látok', 'for his invention of the method of micro-analysis of organic substances', NULL),
(5989, '1925', 'chémia', 'za jeho dôkaz heterogénnej podstaty koloidných roztokov a použité metódy', 'for his demonstration of the heterogeneous nature of colloid solutions and for the methods he used', NULL),
(5990, '1926', 'chémia', 'za jeho prácu na disperzných systémoch', 'for his work on disperse systems', NULL),
(5991, '1927', 'chémia', 'za jeho objav bilových kyselín a príbuzných látok', 'for his investigations of the constitution of the bile acids and related substances', NULL),
(5992, '1928', 'chémia', 'za jeho výskum sterolov a ich spojenie s vitamínmi', 'for his research into the constitution of the sterols and their connection with the vitamins', NULL),
(5993, '1929', 'chémia', 'za ich objav fermentácie cukrov a fermentívnych enzýmov', 'for their investigations on the fermentation of sugar and fermentative enzymes', NULL),
(5994, '1930', 'chémia', 'za jeho výskum hemínu a chlorofylu', 'for his researches into the constitution of haemin and chlorophyll and especially for his synthesis of haemin', NULL),
(5995, '1931', 'chémia', 'za ich príspevky k chemickým vysokotlakovým metódam', 'for their contributions to the invention and development of chemical high pressure methods', NULL),
(5996, '1932', 'chémia', 'za jeho prácu v hraničnej chémii', 'for his discoveries and investigations in surface chemistry', NULL),
(5997, '1934', 'chémia', 'za jeho objav ťažkej vody', 'for his discovery of heavy hydrogen', NULL),
(5998, '1935', 'chémia', 'za ich syntézu nových rádioaktívnych prvkov', 'for their synthesis of new radioactive elements', NULL),
(5999, '1936', 'chémia', 'za jeho prácu na molekulárnej štruktúre výskumom dipólového momentu a difrakcie röntgenových lúčov a elektrónov v plynoch', 'for his work on molecular structure through his investigations on dipole moments and the diffraction of X-rays and electrons in gases', NULL),
(6000, '1937', 'chémia', 'za jeho prácu na uhľovodíkoch a vitamíne C', 'for his investigations on carbohydrates and vitamin C', NULL),
(6001, '1937', 'chémia', 'za jeho prácu na karotenoidoch, flavínoch a vitamínoch A a B2', 'for his investigations on carotenoids, flavins and vitamins A and B2', NULL),
(6002, '1938', 'chémia', 'za jeho prácu na karotenoidoch a vitamínoch', 'for his work on carotenoids and vitamins', NULL),
(6003, '1939', 'chémia', 'za jeho prácu o pohlavných hormónoch', 'for his work on sex hormones', NULL),
(6004, '1939', 'chémia', 'za jeho prácu na polymethylénoch a vyšších terpénoch', 'for his work on polymethylenes and higher terpenes', NULL),
(6005, '1943', 'chémia', 'za jeho prácu na využití izotopov ako značkovačov pre štúdium chemických procesov', 'for his work on the use of isotopes as tracers in the study of chemical processes', NULL),
(6006, '1944', 'chémia', 'za jeho objav štiepenia ťažkých atómových jadier', 'for his discovery of the fission of heavy nuclei', NULL),
(6007, '1945', 'chémia', 'za jeho výskum v chémii agrikultúry a výživy', 'for his research and inventions in agricultural and nutrition chemistry, especially for his fodder preservation method', NULL),
(6008, '1946', 'chémia', 'za jeho objav, že enzýmy je možné kryštalizovať', 'for his discovery that enzymes can be crystallized', NULL),
(6009, '1946', 'chémia', 'za ich prípravu enzýmov a vírových proteínov v čistej forme', 'for their preparation of enzymes and virus proteins in a pure form', NULL),
(6010, '1947', 'chémia', 'za jeho výskum rastlinných produktov, obzvlášť alkaloidov', 'for his investigations on plant products of biological importance, especially the alkaloids', NULL),
(6011, '1948', 'chémia', 'za jeho výskum elektroforézy a adsorpčnú analýzu', 'for his research on electrophoresis and adsorption analysis, especially for his discoveries concerning the complex nature of the serum proteins', NULL),
(6012, '1949', 'chémia', 'za jeho príspevky v poli chemickej termodynamiky', 'for his contributions in the field of chemical thermodynamics, particularly concerning the behaviour of substances at extremely low temperatures', NULL),
(6013, '1950', 'chémia', 'za ich objav a vývoj diénovej syntézy (Diels-Alderova reakcia)', 'for their discovery and development of the diene synthesis', NULL),
(6014, '1951', 'chémia', 'za ich objavy v chémii transuránových prvkov', 'for their discoveries in the chemistry of transuranium elements', NULL),
(6015, '1952', 'chémia', 'za ich vynález časticovej chromatografie', 'for their invention of partition chromatography', NULL),
(6016, '1953', 'chémia', 'za ich objavy na poli makromolekulárnej chémie', 'for his discoveries in the field of macromolecular chemistry', NULL),
(6017, '1954', 'chémia', 'za jeho výskum podstaty chemickej väzby', 'for his research into the nature of the chemical bond and its application to the elucidation of the structure of complex substances', NULL),
(6018, '1955', 'chémia', 'za jeho prácu na zlúčeninách síry, obzvlášť prvej syntéze polypeptidického hormónu', 'for his work on biochemically important sulphur compounds, especially for the first synthesis of a polypeptide hormone', NULL),
(6019, '1956', 'chémia', 'za ich výskum mechanizmu chemických reakcií', 'for their researches into the mechanism of chemical reactions', NULL),
(6020, '1957', 'chémia', 'za jeho prácu na nukleotidoch a koenzýmoch nukleotidov', 'for his work on nucleotides and nucleotide co-enzymes', NULL),
(6021, '1958', 'chémia', 'za jeho prácu na primárnej štruktúre proteínov, obzvlášť inzulínu', 'for his work on the structure of proteins, especially that of insulin', NULL),
(6022, '1959', 'chémia', 'za jeho objav a vývoj polarografických metód analýzy', 'for his discovery and development of the polarographic methods of analysis', NULL),
(6023, '1960', 'chémia', 'za jeho metódu využitia uhlíka-14 pre určovanie veku', 'for his method to use carbon-14 for age determination in archaeology, geology, geophysics, and other branches of science', NULL),
(6024, '1961', 'chémia', 'za jeho výskum v oblasti využívania oxidu uhličitého v rastlinách', 'for his research on the carbon dioxide assimilation in plants', NULL),
(6025, '1962', 'chémia', 'za ich výskum štruktúr globulárnych bielkovín', 'for their studies of the structures of globular proteins', NULL),
(6026, '1963', 'chémia', 'za ich objavy vzťahujúce sa na vyššie polyméry', 'for their discoveries in the field of the chemistry and technology of high polymers', NULL),
(6027, '1964', 'chémia', 'za jej odhodlanie a úspechy v použití röntgenových lúčov na výskum štruktúr dôležitých biochemických látok', 'for her determinations by X-ray techniques of the structures of important biochemical substances', NULL),
(6028, '1965', 'chémia', 'za jeho úspechy v organickej syntéze', 'for his outstanding achievements in the art of organic synthesis', NULL),
(6029, '1966', 'chémia', 'za jeho prácu na chemických väzbách a elektronickej štruktúre molekúl', 'for his fundamental work concerning chemical bonds and the electronic structure of molecules by the molecular orbital method', NULL),
(6030, '1967', 'chémia', 'za ich štúdium extrémne rýchlych chemických reakcií', 'for their studies of extremely fast chemical reactions, effected by disturbing the equilibrium by means of very short pulses of energy', NULL),
(6031, '1968', 'chémia', 'za objav recipročných relácií nesúcich jeho meno', 'for the discovery of the reciprocal relations bearing his name, which are fundamental for the thermodynamics of irreversible processes', NULL),
(6032, '1969', 'chémia', 'za jeho príspevky o vývoji konceptu konformácií', 'for their contributions to the development of the concept of conformation and its application in chemistry', NULL),
(6033, '1970', 'chémia', 'za jeho objav sacharidových nukleotidov a odhalenie ich úlohy v biosyntéze cukrov', 'for his discovery of sugar nucleotides and their role in the biosynthesis of carbohydrates', NULL),
(6034, '1971', 'chémia', 'za jeho príspevky k elektrónovej štruktúre a geometrii molekúl, hlavne voľných radikálov', 'for his contributions to the knowledge of electronic structure and geometry of molecules, particularly free radicals', NULL),
(6035, '1972', 'chémia', 'za jeho prácu na ribonukleáze', 'for his work on ribonuclease, especially concerning the connection between the amino acid sequence and the biologically active conformation', NULL),
(6036, '1972', 'chémia', 'za jeho príspevok k pochopeniu spojenia medzi chemickou štruktúrou a katalytickou aktivitou ribonukleovej molekuly', 'for their contribution to the understanding of the connection between chemical structure and catalytic activity of the active centre of the ribonuclease molecule', NULL),
(6037, '1973', 'chémia', 'za jeho prácu na chémii organokovových zlúčenín', 'for their pioneering work, performed independently, on the chemistry of the organometallic, so called sandwich compounds', NULL),
(6038, '1974', 'chémia', 'za jeho základnú prácu, tak teoretickú ako aj experimentálnu, v oblasti fyzikálnej chémie makromolekúl', 'for his fundamental work, both theoretical and experimental, in the physical chemistry of macromolecules', NULL),
(6039, '1975', 'chémia', 'za jeho prácu na stereochémii enzýmovo-katalyzovaných reakcií', 'for his work on the stereochemistry of enzyme-catalyzed reactions', NULL),
(6040, '1975', 'chémia', 'za jeho výskum v stereochémii organických molekúl a reakcií', 'for his research into the stereochemistry of organic molecules and reactions', NULL),
(6041, '1976', 'chémia', 'za jeho štúdium štruktúry bórovodíkov', 'for his studies on the structure of boranes illuminating problems of chemical bonding', NULL),
(6042, '1977', 'chémia', 'za jeho príspevky k nerovnovážnej termodynamike', 'for his contributions to non-equilibrium thermodynamics, particularly the theory of dissipative structures', NULL),
(6043, '1978', 'chémia', 'za jeho formuláciu chemiosmotickej teórie', 'for his contribution to the understanding of biological energy transfer through the formulation of the chemiosmotic theory', NULL),
(6044, '1979', 'chémia', 'za ich spoločný rozvoj použitia zlúčenín obsahujúcich bór a fosfor, samostatne, za činidlá v organickej syntéze', 'for their development of the use of boron- and phosphorus-containing compounds, respectively, into important reagents in organic synthesis', NULL),
(6045, '1980', 'chémia', 'za jeho základné štúdium biochémie nukleových kyselín, a zvlášť rekombinátu-DNA', 'for his fundamental studies of the biochemistry of nucleic acids, with particular regard to recombinant-DNA', NULL),
(6046, '1980', 'chémia', 'za ich príspevky týkajúce sa určenia bázových postupností v nukleových kyselinách', 'for their contributions concerning the determination of base sequences in nucleic acids', NULL),
(6047, '1981', 'chémia', 'za ich teórie teórie v oblasti priebehu chemických reakcií', 'for their theories, developed independently, concerning the course of chemical reactions', NULL),
(6048, '1982', 'chémia', 'za jeho rozvoj kryštalografického elektrónového mikroskopu', 'for his development of crystallographic electron microscopy and his structural elucidation of biologically important nucleic acid-protein complexes', NULL),
(6049, '1983', 'chémia', 'za jeho prácu na mechanizme reakcií s presunom elektrónov', 'for his work on the mechanisms of electron transfer reactions, especially in metal complexes', NULL),
(6050, '1984', 'chémia', 'za jeho rozvoj metodológie chemickej syntézy na pevných matrixoch', 'for his development of methodology for chemical synthesis on a solid matrix', NULL),
(6051, '1985', 'chémia', 'za ich úspechy vo vývoji priamych metód určovania kryštálových štruktúr', 'for their outstanding achievements in developing direct methods for the determination of crystal structures', NULL),
(6052, '1987', 'chémia', 'za ich vývoj a použitie molekúl so štruktúrovo-špecifickými interakciami vysokej selektivity', 'for their development and use of molecules with structure-specific interactions of high selectivity', NULL),
(6053, '1989', 'chémia', 'za ich objav katalytických vlastností RNA', 'for their discovery of catalytic properties of RNA', NULL),
(6054, '1991', 'chémia', 'za jeho príspevky k rozvoju magnetickej nukleárnej rezonancie s vysokým rozlíšením', 'for his contributions to the development of the methodology of high resolution nuclear magnetic resonance (NMR) spectroscopy', NULL),
(6055, '1993', 'chémia', 'za príspevky k rozvoju metód v chémii DNA', 'for contributions to the developments of methods within DNA-based chemistry  for his invention of the polymerase chain reaction (PCR) method', NULL),
(6056, '1994', 'chémia', 'za jeho príspevok k chémii karbokatiónov', 'for his contribution to carbocation chemistry', NULL),
(6057, '1995', 'chémia', 'za ich prácu na chémii atmosféry, hlavne na spotrebe ozónu', 'for their work in atmospheric chemistry, particularly concerning the formation and decomposition of ozone', NULL),
(6058, '1996', 'chémia', 'za ich objavy fulerénov', 'for their discovery of fullerenes', NULL),
(6059, '1997', 'chémia', 'za ich objasnenie enzymatického mechanizmu v syntéze adenozíntrifosfátu (ATP)', 'for their elucidation of the enzymatic mechanism underlying the synthesis of adenosine triphosphate (ATP)', NULL),
(6060, '1997', 'chémia', 'za ich objav enzýmu na prenos iónov – Na+/K+-ATPázy', 'for the first discovery of an ion-transporting enzyme, Na+, K+ -ATPase', NULL),
(6061, '1998', 'chémia', 'za jeho rozvoj funkcionálnej teórie hustoty', 'for his development of the density-functional theory', NULL),
(6062, '1998', 'chémia', 'za jeho rozvoj výpočtových metód v kvantovej chémii', 'for his development of computational methods in quantum chemistry', NULL),
(6063, '1999', 'chémia', 'za jeho štúdium prechodových stavov chemických reakcií použitím femtosekundovej spektroskopie', 'for his studies of the transition states of chemical reactions using femtosecond spectroscopy', NULL),
(6064, '2000', 'chémia', 'za ich objav a rozvoj vodivých polymérov', 'for their discovery and development of conductive polymers', NULL),
(6065, '2001', 'chémia', 'za ich prácu na chirálne katalyzovaných hydrogenačných reakciách', 'for their work on chirally catalysed hydrogenation reactions', NULL),
(6066, '2002', 'chémia', 'za ich rozvoj metód identifikácie a štrukturálnej analýzy biologických makromolekúl', 'for the development of methods for identification and structure analyses of biological macromolecules for their development of soft desorption ionisation methods for mass spectrometric analyses of biological macromolecules', NULL),
(6067, '2004', 'chémia', 'za objav proteolýzy sprostredkovanej ubikvitínom', 'for the discovery of ubiquitin-mediated protein degradation', NULL),
(6068, '2005', 'chémia', 'za objav metódy výmennej reakcie a metódy organickej syntézy', 'for the development of the metathesis method in organic synthesis', NULL),
(6069, '2008', 'chémia', 'za objav zeleného fluorescenčného proteínu (GFP) a ďalší výskum týkajúci sa tohto medzičasom dôležitého nástroja biovedy', 'for the discovery and development of the green fluorescent protein, GFP', NULL),
(6070, '2009', 'chémia', 'za štúdium štruktúry a funkcií ribozómov', 'for studies of the structure and function of the ribosome', NULL),
(6071, '2010', 'chémia', 'za paládiovú katalýzu párov molekúl', 'for palladium-catalyzed cross couplings in organic synthesis', NULL),
(6072, '2019', 'chémia', 'za vývoj Li-on batérií', 'for the development of lithium ion batteries', NULL),
(6073, '1901', 'medicína', 'za jeho práce týkajúce sa liečby sérom, obzvlášť za jeho podávanie pri diftérii, ktoré otvorilo novú cestu v oblasti lekárskej vedy, a tým vložilo do rúk lekárov víťaznú zbraň voči chorobám a smrti', 'for his work on serum therapy, especially its application against diphtheria, by which he has opened a new road in the domain of medical science and thereby placed in the hands of the physician a victorious weapon against illness and deaths', NULL),
(6074, '1902', 'medicína', 'za jeho práce týkajúce sa malárie, ktorými ukázal, ako sa dostáva do organizmu, a tým položil základ pre úspešný výskum tejto choroby a metód boja proti nej', 'for his work on malaria, by which he has shown how it enters the organism and thereby has laid the foundation for successful research on this disease and methods of combating it', NULL),
(6075, '1903', 'medicína', 'ako uznanie jeho príspevku k liečbe chorôb, obzvlášť lupus vulgaris, koncentrovaným svetelným žiarením, čím otvoril novú cestu lekárskej vedy', 'for his contribution to the treatment of diseases, especially lupus vulgaris, with concentrated light radiation, whereby he has opened a new avenue for medical science', NULL),
(6076, '1904', 'medicína', 'ako uznanie jeho prác týkajúcich sa fyziológie trávenia, prostredníctvom ktorých sa zmenili a rozšírili vedomosti týkajúce sa vitálnych aspektov jedincov', 'in recognition of his work on the physiology of digestion, through which knowledge on vital aspects of the subject has been transformed and enlarged', NULL),
(6077, '1905', 'medicína', 'za jeho výskumy a objavy vo vzťahu k tuberkulóze', 'for his investigations and discoveries in relation to tuberculosis', NULL),
(6078, '1906', 'medicína', 'ako uznanie ich prác týkajúcich sa štruktúry nervovej sústavy', 'in recognition of their work on the structure of the nervous system', NULL),
(6079, '1907', 'medicína', 'ako uznanie jeho prác týkajúcich sa úlohy prvokov pri rozvoji chorôb', 'in recognition of his work on the role played by protozoa in causing diseases', NULL),
(6080, '1908', 'medicína', 'ako uznanie ich prác týkajúcich sa úlohy imunity', 'in recognition of their work on immunity', NULL),
(6081, '1909', 'medicína', 'za jeho práce týkajúce sa fyziológie, patológie a chirurgie štítnej žľazy', 'for his work on the physiology, pathology and surgery of the thyroid gland', NULL),
(6082, '1910', 'medicína', 'ako uznanie jeho príspevku k našim vedomostiam z chémie bunky, najmä prostredníctvom jeho prác týkajúcich sa bielkovín vrátane nukleových substancií', 'in recognition of the contributions to our knowledge of cell chemistry made through his work on proteins, including the nucleic substances', NULL),
(6083, '1911', 'medicína', 'za výskum spôsobu tvorby obrazu šošovkou oka', 'for his work on the dioptrics of the eye', NULL),
(6084, '1912', 'medicína', 'za prácu týkajúcu sa spôsobu zošívania ciev a transplantácií', 'for his work on vascular suture and the transplantation of blood vessels and organs', NULL),
(6085, '1913', 'medicína', 'za objav anafylaxie', 'for his work on anaphylaxis', NULL),
(6086, '1914', 'medicína', 'za výskum vestibulárneho aparátu vnútorného ucha', 'for his work on the physiology and pathology of the vestibular apparatus', NULL),
(6087, '1919', 'medicína', 'za objav komplementu ako súčasti imunitného systému', 'for his discoveries relating to immunity', NULL),
(6088, '1920', 'medicína', 'za dôkaz, že výmena plynov v pľúcach sa uskutočňuje priamou difúziou', 'for his discovery of the capillary motor regulating mechanism', NULL),
(6089, '1922', 'medicína', 'za výskum produkcie tepla vo svaloch', 'for his discovery relating to the production of heat in the muscle', NULL),
(6090, '1922', 'medicína', 'za výskum vzťahu medzi spotrebou kyslíku a metabolizmom kyseliny mliečnej vo svaloch', 'for his discovery of the fixed relationship between the consumption of oxygen and the metabolism of lactic acid in the muscle', NULL),
(6091, '1923', 'medicína', 'za objav inzulínu', 'for the discovery of insulin', NULL),
(6092, '1924', 'medicína', 'za objav mechanizmu tvorby elektrokardiogramu', 'for the discovery of the mechanism of the electrocardiogram', NULL),
(6093, '1926', 'medicína', 'za objav Spiroptera carcinoma.', 'for his discovery of the Spiroptera carcinoma', NULL),
(6094, '1927', 'medicína', 'za liečbu progresívnej paralýzy infekciou malárie', 'for his discovery of the therapeutic value of malaria inoculation in the treatment of dementia paralytica', NULL),
(6095, '1928', 'medicína', 'za výskum škvrnitého týfusu', 'for his work on typhus', NULL);
INSERT INTO `prizes` (`id`, `year`, `category`, `contrib_sk`, `contrib_en`, `details_id`) VALUES
(6096, '1929', 'medicína', 'za objav antineuritického vitamínu', 'for his discovery of the antineuritic vitamin', NULL),
(6097, '1929', 'medicína', 'za objav (rast stimulujúcich) vitamínov', 'for his discovery of the growth-stimulating vitamins', NULL),
(6098, '1930', 'medicína', 'za objav krvných skupín', 'for his discovery of human blood groups', NULL),
(6099, '1931', 'medicína', 'za výskum úlohy cytochrómov v bunkovom dýchaní', 'for his discovery of the nature and mode of action of the respiratory enzyme', NULL),
(6100, '1932', 'medicína', 'za výskum funkcie neurónov vrátane zistenia, že silnejšie stimuly vedú k vyššej frekvencii nervových impulzov', 'for their discoveries regarding the functions of neurons', NULL),
(6101, '1933', 'medicína', 'za objav úlohy chromozómov v dedičnosti', 'for his discoveries concerning the role played by the chromosome in heredity', NULL),
(6102, '1934', 'medicína', 'za objav liečby pečeňou pri anémii', 'for their discoveries concerning liver therapy in cases of anaemia', NULL),
(6103, '1935', 'medicína', 'za objav organizačných centier pri ranom vývoji organizmov', 'for his discovery of the organizer effect in embryonic development', NULL),
(6104, '1936', 'medicína', 'za prácu týkajúcu sa transmisie nervových impulzov cestou neurotransmiterov', 'for their discoveries relating to chemical transmission of nerve impulses', NULL),
(6105, '1937', 'medicína', 'za popísanie vitamínu C a objav, že kyslík reaguje s vodíkom pri bunkovom dýchaní', 'for his discoveries in connection with the biological combustion processes, with special reference to vitamin C and the catalysis of fumaric acid', NULL),
(6106, '1938', 'medicína', 'za objasnenie mechanizmu, ktorým organizmus meria krvný tlak a obsah kyslíka v krvi a prenáša tento signál do mozgu', 'for the discovery of the role played by the sinus and aortic mechanisms in the regulation of respiration', NULL),
(6107, '1939', 'medicína', 'za objav sulfónamidu Prontosilu, prvého lieku účinného proti bakteriálnym infekciám', 'for the discovery of the antibacterial effects of prontosil', NULL),
(6108, '1943', 'medicína', 'za objav vitamínu vitamínu K a jeho chemickú štruktúru', 'for his discovery of vitamin K', NULL),
(6109, '1944', 'medicína', 'za objav rôznych typov nervových vlákien', 'for their discoveries relating to the highly differentiated functions of single nerve fibres', NULL),
(6110, '1945', 'medicína', 'za objav penicilínu a jeho vlastností pri liečbe infekčných chorôb', 'for the discovery of penicillin and its curative effect in various infectious diseases', NULL),
(6111, '1946', 'medicína', 'za poznatok, že mutácie môžu byť spôsobené röntgenovými lúčmi', 'for the discovery of the production of mutations by means of X-ray irradiation', NULL),
(6112, '1947', 'medicína', 'za objav mechanizmu, ktorým sa glykogén v tele mení na glukózu', 'for their discovery of the course of the catalytic conversion of glycogen', NULL),
(6113, '1947', 'medicína', 'za popísania účinkov hypofyzárnych hormónov na metabolizmus cukrov', 'for his discovery of the part played by the hormone of the anterior pituitary lobe in the metabolism of sugar', NULL),
(6114, '1948', 'medicína', 'za objav insekticídu DDT', 'for his discovery of the high efficiency of DDT as a contact poison against several arthropods', NULL),
(6115, '1949', 'medicína', 'a mapovanie rozličných funkcií stredného mozgu', 'for his discovery of the functional organization of the interbrain as a coordinator of the activities of the internal organs', NULL),
(6116, '1949', 'medicína', 'za objav terapeutického účinku lobotómie', 'for his discovery of the therapeutic value of leucotomy (lobotomy) in certain psychoses', NULL),
(6117, '1950', 'medicína', 'za objav hormónov kôry nadobličiek, opis ich štruktúry a funkcie', 'for their discoveries relating to the hormones of the adrenal cortex, their structure and biological effects', NULL),
(6118, '1951', 'medicína', 'za vývoj vakcíny proti žltej zimnici', 'for his discoveries concerning yellow fever and how to combat it', NULL),
(6119, '1952', 'medicína', 'za objav prvého antibiotika účinného proti tuberkulóze – streptomycínu', 'for his discovery of streptomycin, the first antibiotic effective against tuberculosis', NULL),
(6120, '1953', 'medicína', 'za objav citrátového (Krebsovho) cyklu pri bunkovom dýchaní', 'for his discovery of the citric acid cycle', NULL),
(6121, '1953', 'medicína', 'za objav a výskum koenzýmu A', 'for his discovery of co-enzyme A and its importance for intermediary metabolism', NULL),
(6122, '1954', 'medicína', 'za vývoj metódy kultivácie vírusov poliomyelitídy v skúmavke', 'for their discovery of the ability of poliomyelitis viruses to grow in cultures of various types of tissue', NULL),
(6123, '1955', 'medicína', 'za výskum enzýmov a ich účinkov, najmä oxidačných enzýmov', 'for his discoveries concerning the nature and mode of action of oxidation enzymes', NULL),
(6124, '1956', 'medicína', 'za vývoj metódy katetrizácie srdca a štúdium rozličných srdcových chorôb', 'for their discoveries concerning heart catheterization and pathological changes in the circulatory system', NULL),
(6125, '1957', 'medicína', 'za objav syntetických liekov ako antihistaminiká, ktoré blokujú účinok biologických amínov', 'for his discoveries relating to synthetic compounds that inhibit the action of certain body substances, and especially their action on the vascular system and the skeletal muscles', NULL),
(6126, '1958', 'medicína', 'za poznatok, že gény riadia jednotlivé metabolické cesty', 'for their discovery that genes act by regulating definite chemical events', NULL),
(6127, '1958', 'medicína', 'za výskum genetickej rekombinácie a organizácie genetického materiálu baktérií', 'for his discoveries concerning genetic recombination and the organization of the genetic material of bacteria', NULL),
(6128, '1959', 'medicína', 'za syntézu nukleových kyselín – RNA a DNA', 'for their discovery of the mechanisms in the biological synthesis of ribonucleic acid and deoxyribonucleic acid', NULL),
(6129, '1960', 'medicína', 'za poznatok, že imunitný systém fétu sa naučí ako rozlíšiť medzi vlastným a nevlastným', 'for discovery of acquired immunological tolerance', NULL),
(6130, '1961', 'medicína', 'za objasnenie úlohy slimáka v uchu', 'for his discoveries of the physical mechanism of stimulation within the cochlea', NULL),
(6131, '1962', 'medicína', 'za objav molekulovej štruktúry DNA a ich významu pri prenose informácii', 'for their discoveries concerning the molecular structure of nucleic acids and its significance for information transfer in living material', NULL),
(6132, '1963', 'medicína', 'za opísanie prevodu elektrických impulzov v nervoch', 'for their discoveries concerning the ionic mechanisms involved in excitation and inhibition in the peripheral and central portions of the nerve cell membrane', NULL),
(6133, '1964', 'medicína', 'za výskum týkajúci sa metabolizmu cholesterolu a mastných kyselín', 'for their discoveries concerning the mechanism and regulation of the cholesterol and fatty acid metabolism', NULL),
(6134, '1965', 'medicína', 'za objav messenger RNA, ribozómov a génov riadiacich expresiu iných génov', 'for their discoveries concerning genetic control of enzyme and virus synthesis', NULL),
(6135, '1966', 'medicína', 'za objav vírusov spôsobujúcich nádory', 'for his discovery of tumour-inducing viruses', NULL),
(6136, '1966', 'medicína', 'za objav hormonálnej liečby rakoviny prostaty', 'for his discoveries concerning hormonal treatment of prostatic cancer', NULL),
(6137, '1967', 'medicína', 'za popis rôznych druhov buniek v oku citlivých na svetlo a objasnenie mechanizmu interakcie svetla s týmito bunkami', 'for their discoveries concerning the primary physiological and chemical visual processes in the eye', NULL),
(6138, '1968', 'medicína', 'za popis genetického kódu a objasnenie mechanizmu, ktorým riadi syntézu proteínov', 'for their interpretation of the genetic code and its function in protein synthesis', NULL),
(6139, '1969', 'medicína', 'za výskum v oblasti mechanizmu replikácie a genetiky vírusov', 'for their discoveries concerning the replication mechanism and the genetic structure of viruses', NULL),
(6140, '1970', 'medicína', 'za práce týkajúce sa neurotransmiterov', 'for their discoveries concerning the humoral transmitters in the nerve terminals and the mechanism for their storage, release and inactivation', NULL),
(6141, '1971', 'medicína', 'za objav účinku hormónov, obzvlášť epinefrínu, ako druhotných poslov (second messengers)', 'for his discoveries concerning the mechanisms of the action of hormones', NULL),
(6142, '1972', 'medicína', 'za objasnenie chemickej štruktúry protilátok', 'for their discoveries concerning the chemical structure of antibodies', NULL),
(6143, '1973', 'medicína', 'za štúdium sociálneho správania zvierat, najmä vysvetlenie tanečného jazyka včiel a spôsobu, akým sa mláďatá vtákov fixujú na svoju matku', 'for their discoveries concerning organization and elicitation of individual and social behaviour patterns', NULL),
(6144, '1974', 'medicína', 'za popísanie štruktúry a činnosti organel v biologických bunkách', 'for their discoveries concerning the structural and functional organization of the cell', NULL),
(6145, '1975', 'medicína', 'za objasnenie mechanizmu, akým vírusy vyvolávajúce tumory pôsobia na genetický materiál bunky', 'for their discoveries concerning the interaction between tumour viruses and the genetic material of the cell', NULL),
(6146, '1976', 'medicína', 'za objav nových mechanizmov vzniku a rozšírenia infekčných ochorení', 'for their discoveries concerning new mechanisms for the origin and dissemination of infectious diseases', NULL),
(6147, '1977', 'medicína', 'za vývoj metódy Yalowovej-Bersona na meranie minimálnych koncentrácií peptidových hormónov za použitia protilátok', 'for the development of radioimmunoassays of peptide hormones', NULL),
(6148, '1978', 'medicína', 'za objav restrikčných enzýmov, ktoré sú praktickým nástrojom v molekulárnej biológii', 'for the discovery of restriction enzymes and their application to problems of molecular genetics', NULL),
(6149, '1979', 'medicína', 'za vývoj počítačovej tomografie', 'for the development of computer assisted tomography', NULL),
(6150, '1980', 'medicína', 'za objav génov hlavného histokompatibilitného komplexu, ktoré kódujú molekuly povrchu bunky dôležité pre schopnosť imunitného systému rozlíšiť medzi vlastným a nevlastným', 'for their discoveries concerning genetically determined structures on the cell surface that regulate immunological reactions', NULL),
(6151, '1981', 'medicína', 'za výskum mozgových hemisfér', 'for his discoveries concerning the functional specialization of the cerebral hemispheres', NULL),
(6152, '1981', 'medicína', 'za práce týkajúce sa spracovania vizuálnej informácie v mozgu', 'for their discoveries concerning information processing in the visual system', NULL),
(6153, '1982', 'medicína', 'za objav prostaglandínov', 'for their discoveries concerning prostaglandins and related biologically active substances', NULL),
(6154, '1983', 'medicína', 'za objav mobilných genetických elementov alebo transpozónov v kukurici', 'for her discovery of mobile genetic elements', NULL),
(6155, '1984', 'medicína', 'za práce týkajúce sa imunitného systému a tvorby monoklonálnych protilátok', 'for theories concerning the specificity in development and control of the immune system and the discovery of the principle for production of monoclonal antibodies', NULL),
(6156, '1986', 'medicína', 'za objav rastových faktorov', 'for their discoveries of growth factors', NULL),
(6157, '1988', 'medicína', 'za vývoj dôležitých farmakologických princípov', 'for their discoveries of important principles for drug treatment', NULL),
(6158, '1990', 'medicína', 'za práce týkajúce sa transplantácie orgánov a buniek', 'for their discoveries concerning organ and cell transplantation in the treatment of human disease', NULL),
(6159, '1992', 'medicína', 'za objav, ako je fosforylácia proteínov využívaná pri regulácii biologických procesov', 'for their discoveries concerning reversible protein phosphorylation as a biological regulatory mechanism', NULL),
(6160, '1994', 'medicína', 'za objav G proteínov a ich úlohy pri prenose signálu v bunkách', 'for their discovery of G-proteins and the role of these proteins in signal transduction in cells', NULL),
(6161, '1995', 'medicína', 'za objav génov, ktoré sa podieľajú v programe vývoja ovocnej mušky drozofila obyčajná – homeobox génov', 'for their discoveries concerning the genetic control of early embryonic development', NULL),
(6162, '1998', 'medicína', 'za objav signalizačných vlastností oxidu dusnatého', 'for their discoveries concerning nitric oxide as a signalling molecule in the cardiovascular system', NULL),
(6163, '1999', 'medicína', 'za objav, že novosyntetizované proteíny obsahujú nálepky s adresou (address tags), ktoré ich usmernia v rámci bunky na správne miesto', 'for the discovery that proteins have intrinsic signals that govern their transport and localization in the cell', NULL),
(6164, '2000', 'medicína', 'za dôkaz, že dopamín je neurotransmiter v mozgu, ktorého vyčerpanie vedie k Parkinsonovej chorobe', 'for their discoveries concerning signal transduction in the nervous system', NULL),
(6165, '2000', 'medicína', 'za odhalenie mechanizmu, akým pôsobia neurotransmitery na bunky a dokážu aktivovať ústrednú molekulu známu ako DARPP-32', 'for their discoveries concerning signal transduction in the nervous system', NULL),
(6166, '2002', 'medicína', 'za zistenie presného sledu, v ktorom sa delia a umierajú bunky červa Caenorhabditis elegans a za objasnenie procesu programovanej smrti buniek alebo apoptózy', 'for their discoveries concerning \'genetic regulation of organ development and programmed cell death\'', NULL),
(6167, '2003', 'medicína', 'za výskum v oblasti zobrazovania za pomoci magnetickej rezonancie', 'for their discoveries concerning magnetic resonance imaging', NULL),
(6168, '2007', 'medicína', 'za objavy vedúce k začatiu špecifických génových modifikácií u myší použitím embryonálnych kmeňových buniek', 'for their discoveries of principles for introducing specific gene modifications in mice by the use of embryonic stem cells.', NULL),
(6169, '2008', 'medicína', 'za objav ľudských papilovírusov, ktoré spôsobujú rakovinu krčka maternice', 'for his discovery of human papilloma viruses causing cervical cancer', NULL),
(6170, '2008', 'medicína', 'za izoláciu vírusu spôsobujúceho AIDS', 'for their discovery of human immunodeficiency virus', NULL),
(6171, '2010', 'medicína', 'za vyvinutie a zdokonalenie metódy oplodnenia in vitro', 'for the development of in vitro fertilization', NULL),
(6172, '2011', 'medicína', 'za objav dendritových buniek a ich úlohy v získanej imunite', 'for his discovery of the dendritic cell and its role in adaptive immunity (awarded posthumously)[110][111]', NULL),
(6173, '1901', 'literatúra', 'za mimoriadne uznanie jeho básnickej kompozície, ktorá svedčí o vznešenom idealizme, umeleckej dokonalosti a vzácnej kombinácii vlastností srdca a intelektu', 'in special recognition of his poetic composition, which gives evidence of lofty idealism, artistic perfection and a rare combination of the qualities of both heart and intellect', 527),
(6174, '1902', 'literatúra', 'najväčší žijúci majster umenia historického písania s osobitným zreteľom na jeho monumentálne dielo Dejiny Ríma', 'the greatest living master of the art of historical writing, with special reference to his monumental work A History of Rome', 528),
(6175, '1903', 'literatúra', 'ako pocta jeho vznešenej, veľkolepej a všestrannej poézii, ktorá sa vždy vyznačovala sviežosťou inšpirácie a vzácnou čistotou ducha', 'as a tribute to his noble, magnificent and versatile poetry, which has always been distinguished by both the freshness of its inspiration and the rare purity of its spirit', 529),
(6176, '1904', 'literatúra', 'ako uznanie sviežej originality a skutočnej inšpirácie jeho básnickej tvorby, ktorá verne odzrkadľuje prírodnú scenériu a rodného ducha jeho ľudu, a navyše jeho významné dielo provensálskeho filológa', 'in recognition of the fresh originality and true inspiration of his poetic production, which faithfully reflects the natural scenery and native spirit of his people, and, in addition, his significant work as a Provençal philologist', 530),
(6177, '1904', 'literatúra', 'ako uznanie početných a brilantných skladieb, ktoré individuálnym a originálnym spôsobom oživili veľké tradície španielskej drámy', 'in recognition of the numerous and brilliant compositions which, in an individual and original manner, have revived the great traditions of the Spanish drama', 531),
(6178, '1905', 'literatúra', 'pre jeho vynikajúce zásluhy ako epického spisovateľa', 'because of his outstanding merits as an epic writer', 532),
(6179, '1906', 'literatúra', 'nielen vzhľadom na jeho hlboké vzdelanie a kritický výskum, ale predovšetkým ako poctu tvorivej energii, sviežosti štýlu a lyrickej sile, ktoré charakterizujú jeho poetické majstrovské diela', 'not only in consideration of his deep learning and critical research, but above all as a tribute to the creative energy, freshness of style, and lyrical force which characterize his poetic masterpieces', 533),
(6180, '1907', 'literatúra', 'vzhľadom na silu pozorovania, originalitu predstavivosti, mužnosť nápadov a pozoruhodný rozprávačský talent, ktoré charakterizujú tvorbu tohto svetoznámeho autora', 'in consideration of the power of observation, originality of imagination, virility of ideas and remarkable talent for narration that characterize the creations of this world-famous author', 534),
(6181, '1908', 'literatúra', 'ako uznanie jeho seriózneho hľadania pravdy, jeho prenikavej sily myslenia, jeho širokého rozhľadu a vrúcnosti a sily v prezentácii, s ktorou vo svojich početných dielach potvrdil a rozvinul idealistickú životnú filozofiu.', 'in recognition of his earnest search for truth, his penetrating power of thought, his wide range of vision, and the warmth and strength in presentation with which in his numerous works he has vindicated and developed an idealistic philosophy of life', 535),
(6182, '1909', 'literatúra', 'v ocenení vznešeného idealizmu, živej predstavivosti a duchovného vnímania, ktoré charakterizujú jej spisy', 'in appreciation of the lofty idealism, vivid imagination and spiritual perception that characterize her writings', 536),
(6183, '1910', 'literatúra', 'ako pocta dokonalému umeniu presiaknutému idealizmom, ktorý preukázal počas svojej dlhej produktívnej kariéry ako lyrický básnik, dramatik, prozaik a spisovateľ svetovo uznávaných poviedok', 'as a tribute to the consummate artistry, permeated with idealism, which he has demonstrated during his long productive career as a lyric poet, dramatist, novelist and writer of world-renowned short stories', 537),
(6184, '1911', 'literatúra', 'v ocenení jeho mnohostrannej literárnej činnosti a najmä jeho dramatickej tvorby, ktorá sa vyznačuje bohatou fantáziou a básnickou fantáziou, ktorá odhaľuje, niekedy v rozprávkovom plášti, hlbokú inšpiráciu, zatiaľ čo v tajomným spôsobom oslovujú vlastné pocity čitateľov a podnecujú ich predstavivosť', 'in appreciation of his many-sided literary activities, and especially of his dramatic works, which are distinguished by a wealth of imagination and by a poetic fancy, which reveals, sometimes in the guise of a fairy tale, a deep inspiration, while in a mysterious way they appeal to the readers\' own feelings and stimulate their imaginations', 538),
(6185, '1912', 'literatúra', 'predovšetkým ako uznanie za jeho plodnú, pestrú a výnimočnú tvorbu v oblasti dramatického umenia', 'primarily in recognition of his fruitful, varied and outstanding production in the realm of dramatic art', 539),
(6186, '1913', 'literatúra', 'pre jeho hlboko citlivé, svieže a krásne verše, ktorými s dokonalou zručnosťou urobil zo svojej poetickej myšlienky, vyjadrenej jeho vlastnými anglickými slovami, súčasť literatúry Západu', 'because of his profoundly sensitive, fresh and beautiful verse, by which, with consummate skill, he has made his poetic thought, expressed in his own English words, a part of the literature of the West', 540),
(6187, '1915', 'literatúra', 'ako poctu vznešenému idealizmu jeho literárnej tvorby a sympatiám a láske k pravde, s ktorými opísal rôzne typy ľudských bytostí', 'as a tribute to the lofty idealism of his literary production and to the sympathy and love of truth with which he has described different types of human beings', 541),
(6188, '1916', 'literatúra', 'ako uznanie jeho významu ako popredného predstaviteľa novej éry našej literatúry', 'in recognition of his significance as the leading representative of a new era in our literature', 542),
(6189, '1917', 'literatúra', 'za jeho pestrú a bohatú poéziu, ktorá je inšpirovaná vznešenými ideálmi', 'for his varied and rich poetry, which is inspired by lofty ideals', 543),
(6190, '1917', 'literatúra', 'za autentické opisy súčasného života v Dánsku', 'for his authentic descriptions of present-day life in Denmark', 544),
(6191, '1919', 'literatúra', 'ako zvláštne ocenenie jeho eposu Olympiáda jar', 'in special appreciation of his epic, Olympian Spring', 545),
(6192, '1920', 'literatúra', 'za jeho monumentálne dielo Growth of the Soil', 'for his monumental work, Growth of the Soil', 546),
(6193, '1921', 'literatúra', 'ako uznanie jeho brilantných literárnych úspechov, ktoré sa vyznačujú ušľachtilosťou štýlu, hlbokou ľudskou sympatiou, milosťou a skutočným galským temperamentom', 'in recognition of his brilliant literary achievements, characterized as they are by a nobility of style, a profound human sympathy, grace, and a true Gallic temperament', 547),
(6194, '1922', 'literatúra', 'za šťastný spôsob, akým nadviazal na slávne tradície španielskej drámy', 'for the happy manner in which he has continued the illustrious traditions of the Spanish drama', 548),
(6195, '1923', 'literatúra', 'za jeho vždy inšpirovanú poéziu, ktorá vo vysoko umeleckej forme dáva výraz duchu celého národa', 'for his always inspired poetry, which in a highly artistic form gives expression to the spirit of a whole nation', 549),
(6196, '1924', 'literatúra', 'za jeho veľký národný epos The Roľníci', 'for his great national epic, The Peasants', 550),
(6197, '1925', 'literatúra', 'za jeho dielo, ktoré sa vyznačuje idealizmom aj ľudskosťou, pričom jeho podnetná satira je často naplnená jedinečnou poetickou krásou', 'for his work which is marked by both idealism and humanity, its stimulating satire often being infused with a singular poetic beauty', 551),
(6198, '1926', 'literatúra', 'za jej idealisticky inšpirované spisy, ktoré s plastickou jasnosťou zobrazujú život na jej rodnom ostrove a s hĺbkou a sympatiou sa zaoberajú ľudskými problémami vo všeobecnosti', 'for her idealistically inspired writings, which with plastic clarity picture the life on her native island and with depth and sympathy deal with human problems in general', 552),
(6199, '1927', 'literatúra', 'ako uznanie jeho bohatých a oživujúcich nápadov a brilantnej zručnosti, s ktorou boli prezentované', 'in recognition of his rich and vitalizing ideas and the brilliant skill with which they have been presented', 553),
(6200, '1928', 'literatúra', 'hlavne pre jej silné opisy života na severe počas stredoveku', 'principally for her powerful descriptions of Northern life during the Middle Ages', 554),
(6201, '1929', 'literatúra', 'predovšetkým za jeho veľký román Buddenbrooks, ktorý si získava stále väčšie uznanie ako jedno z klasických diel súčasnej literatúry.', 'principally for his great novel, Buddenbrooks, which has won steadily increased recognition as one of the classic works of contemporary literature', 555),
(6202, '1930', 'literatúra', 'za jeho energické a grafické umenie popisu a schopnosť vytvárať s vtipom a humorom nové typy postáv', 'for his vigorous and graphic art of description and his ability to create, with wit and humour, new types of characters', 556),
(6203, '1931', 'literatúra', 'Poézia Erika Axela Karlfeldta', 'The poetry of Erik Axel Karlfeldt', 557),
(6204, '1932', 'literatúra', 'za jeho vynikajúce umenie rozprávania, ktoré má najvyššiu formu v Ságe Forsyte', 'for his distinguished art of narration, which takes its highest form in The Forsyte Saga', 558),
(6205, '1933', 'literatúra', 'za prísne umenie, s ktorým nadviazal na klasické ruské tradície v prozaickej tvorbe', 'for the strict artistry with which he has carried on the classical Russian traditions in prose writing', 559),
(6206, '1934', 'literatúra', 'za jeho odvážne a dômyselné oživenie dramatického a scénického umenia', 'for his bold and ingenious revival of dramatic and scenic art', 560),
(6207, '1936', 'literatúra', 'za silu, poctivosť a precítené emócie jeho dramatických diel, ktoré zosobňujú originálny koncept tragédie', 'for the power, honesty and deep-felt emotions of his dramatic works, which embody an original concept of tragedy', 561),
(6208, '1937', 'literatúra', 'za umeleckú silu a pravdu, s ktorou vo svojom románovom cykle Les Thibault zobrazil ľudský konflikt, ako aj niektoré základné aspekty súčasného života.', 'for the artistic power and truth with which he has depicted human conflict as well as some fundamental aspects of contemporary life in his novel cycle Les Thibault', 562),
(6209, '1938', 'literatúra', 'za jej bohaté a skutočne epické opisy sedliackeho života v Číne a za jej biografické majstrovské diela', 'for her rich and truly epic descriptions of peasant life in China and for her biographical masterpieces', 563),
(6210, '1939', 'literatúra', 'za jeho hlboké pochopenie sedliactva svojej krajiny a vynikajúceho umenia, s ktorým zobrazil ich spôsob života a ich vzťah k prírode', 'for his deep understanding of his country\'s peasantry and the exquisite art with which he has portrayed their way of life and their relationship with Nature', 564),
(6211, '1944', 'literatúra', 'pre vzácnu silu a plodnosť jeho poetickej predstavivosti, s ktorou sa spája intelektuálna zvedavosť širokého záberu a odvážny, svieži tvorivý štýl', 'for the rare strength and fertility of his poetic imagination with which is combined an intellectual curiosity of wide scope and a bold, freshly creative style', 565),
(6212, '1945', 'literatúra', 'za jej lyrickú poéziu, inšpirovanú silnými emóciami, urobila z jej mena symbol idealistických túžob celého latinskoamerického sveta', 'for her lyric poetry, which inspired by powerful emotions, has made her name a symbol of the idealistic aspirations of the entire Latin American world', 566),
(6213, '1946', 'literatúra', 'za jeho inšpirované spisy, ktoré, hoci narastajú v odvážnosti a prenikavosti, sú príkladom klasických humanitných ideálov a vysokej kvality štýlu', 'for his inspired writings, which while growing in boldness and penetration, exemplify the classical humanitarian ideals and high qualities of style', 567),
(6214, '1947', 'literatúra', 'za jeho komplexné a umelecky významné diela, v ktorých sú ľudské problémy a podmienky prezentované s nebojácnou láskou k pravde a horlivým psychologickým vhľadom', 'for his comprehensive and artistically significant writings, in which human problems and conditions have been presented with a fearless love of truth and keen psychological insight', 568),
(6215, '1948', 'literatúra', 'za vynikajúci, priekopnícky prínos k súčasnej poézii', 'for his outstanding, pioneer contribution to present-day poetry', 569),
(6216, '1949', 'literatúra', 'za silný a umelecky jedinečný prínos do moderného amerického románu', 'for his powerful and artistically unique contribution to the modern American novel', 570),
(6217, '1950', 'literatúra', 'ako uznanie za jeho rozmanité a významné diela, v ktorých presadzuje humanitárne ideály a slobodu myslenia', 'in recognition of his varied and significant writings in which he champions humanitarian ideals and freedom of thought', 571),
(6218, '1951', 'literatúra', 'za umeleckú silu a skutočnú nezávislosť mysle, s ktorou sa vo svojej poézii snaží nájsť odpovede na večné otázky, ktorým ľudstvo čelí', 'for the artistic vigour and true independence of mind with which he endeavours in his poetry to find answers to the eternal questions confronting mankind', 572),
(6219, '1952', 'literatúra', 'pre hlboký duchovný vhľad a umeleckú intenzitu, s akou vo svojich románoch prenikol do drámy ľudského života', 'for the deep spiritual insight and the artistic intensity with which he has in his novels penetrated the drama of human life', 573),
(6220, '1953', 'literatúra', 'za majstrovstvo historického a biografického opisu, ako aj za brilantné rečnícke umenie pri obrane vznešených ľudských hodnôt', 'for his mastery of historical and biographical description as well as for brilliant oratory in defending exalted human values', 574),
(6221, '1954', 'literatúra', 'za majstrovstvo v umení rozprávania, ktoré naposledy predviedol v knihe Starec a more, a za vplyv, ktorý uplatnil na súčasný štýl', 'for his mastery of the art of narrative, most recently demonstrated in The Old Man and the Sea, and for the influence that he has exerted on contemporary style', 575),
(6222, '1955', 'literatúra', 'za jeho živú epickú silu, ktorá obnovila veľké rozprávačské umenie Islandu', 'for his vivid epic power, which has renewed the great narrative art of Iceland', 576),
(6223, '1956', 'literatúra', 'za jeho lyrickú poéziu, ktorá v španielskom jazyku predstavuje príklad vysokého ducha a umeleckej čistoty', 'for his lyrical poetry, which in Spanish language constitutes an example of high spirit and artistical purity', 577),
(6224, '1957', 'literatúra', 'za jeho významnú literárnu tvorbu, ktorá s nadhľadom a vážnosťou osvetľuje problémy ľudského svedomia v našej dobe', 'for his important literary production, which with clear-sighted earnestness illuminates the problems of the human conscience in our times', 578),
(6225, '1958', 'literatúra', 'za významné zásluhy v súčasnej lyrickej poézii a na poli veľkej ruskej epickej tradície', 'for his important achievement both in contemporary lyrical poetry and in the field of the great Russian epic tradition', 579),
(6226, '1959', 'literatúra', 'za jeho lyrickú poéziu, ktorá klasickým ohňom vyjadruje tragickú skúsenosť života v našich časoch', 'for his lyrical poetry, which with classical fire expresses the tragic experience of life in our own times', 580),
(6227, '1960', 'literatúra', 'za vzletný let a sugestívnu obraznosť jeho poézie, ktorá vizionárskym spôsobom odráža podmienky našej doby', 'for the soaring flight and the evocative imagery of his poetry, which in a visionary fashion reflects the conditions of our time', 581),
(6228, '1961', 'literatúra', 'za epickú silu, s akou sledoval témy a zobrazoval ľudské osudy čerpané z histórie svojej krajiny', 'for the epic force with which he has traced themes and depicted human destinies drawn from the history of his country', 582),
(6229, '1962', 'literatúra', 'za jeho realistické a nápadité diela, v ktorých sa spája sympatický humor a zanietené sociálne vnímanie', 'for his realistic and imaginative writings, combining as they do sympathetic humour and keen social perception', 583),
(6230, '1963', 'literatúra', 'za jeho vynikajúce lyrické písanie, inšpirované hlbokým citom pre helénsky svet kultúry', 'for his eminent lyrical writing, inspired by a deep feeling for the Hellenic world of culture', 584),
(6231, '1964', 'literatúra', 'za jeho dielo, bohaté na myšlienky a naplnené duchom slobody a hľadania pravdy, malo ďalekosiahly vplyv na náš vek', 'for his work, which rich in ideas and filled with the spirit of freedom and the quest for truth, has exerted a far-reaching influence on our age', 585),
(6232, '1965', 'literatúra', 'za umeleckú silu a integritu, s ktorou vo svojom epose o Donovi vyjadril historickú fázu života ruského ľudu', 'for the artistic power and integrity with which, in his epic of the Don, he has given expression to a historic phase in the life of the Russian people', 586),
(6233, '1966', 'literatúra', 'pre jeho hlboko charakteristické rozprávačské umenie s motívmi zo života židovského národa', 'for his profoundly characteristic narrative art with motifs from the life of the Jewish people', 587),
(6234, '1966', 'literatúra', 'za jej vynikajúce lyrické a dramatické texty, ktoré s dojímavou silou interpretuje osud Izraela', 'for her outstanding lyrical and dramatic writing, which interprets Israel\'s destiny with touching strength', 588),
(6235, '1967', 'literatúra', 'za jeho živý literárny výkon, hlboko zakorenený v národných črtách a tradíciách indiánskych národov Latinskej Ameriky', 'for his vivid literary achievement, deep-rooted in the national traits and traditions of Indian peoples of Latin America', 589),
(6236, '1968', 'literatúra', 'za jeho rozprávačské majstrovstvo, ktoré s veľkou precítenosťou vyjadruje podstatu japonskej mysle', 'for his narrative mastery, which with great sensibility expresses the essence of the Japanese mind', 590),
(6237, '1969', 'literatúra', 'za jeho písanie, ktoré – v nových podobách pre román a drámu – v núdzi moderného človeka naberá na obrátkach', 'for his writing, which – in new forms for the novel and drama – in the destitution of modern man acquires its elevation', 591),
(6238, '1970', 'literatúra', 'za etickú silu, s akou presadzoval nenahraditeľné tradície ruskej literatúry', 'for the ethical force with which he has pursued the indispensable traditions of Russian literature', 592),
(6239, '1971', 'literatúra', 'za poéziu, ktorá pôsobením živelnej sily oživuje osud a sny kontinentu', 'for a poetry that with the action of an elemental force brings alive a continent\'s destiny and dreams', 593),
(6240, '1972', 'literatúra', 'za jeho písanie, ktoré kombináciou širokého pohľadu na svoju dobu a citlivej charakterizácie prispelo k obnove nemeckej literatúry', 'for his writing, which through its combination of a broad perspective on his time and a sensitive skill in characterization has contributed to a renewal of German literature', 594),
(6241, '1973', 'literatúra', 'za epické a psychologické naratívne umenie, ktoré vnieslo do literatúry nový kontinent', 'for an epic and psychological narrative art, which has introduced a new continent into literature', 595),
(6242, '1974', 'literatúra', 'za rozprávačské umenie, ďalekohľad v krajinách a vekoch, v službách slobody', 'for a narrative art, farseeing in lands and ages, in the service of freedom', 596),
(6243, '1974', 'literatúra', 'za spisy, ktoré zachytávajú kvapku rosy a odrážajú vesmír', 'for writings that catch the dewdrop and reflect the cosmos', 597),
(6244, '1975', 'literatúra', 'za osobitú poéziu, ktorá s veľkou umeleckou citlivosťou interpretuje ľudské hodnoty v znamení životného pohľadu bez ilúzií', 'for his distinctive poetry, which, with great artistic sensitivity, has interpreted human values under the sign of an outlook on life with no illusions', 598),
(6245, '1976', 'literatúra', 'za ľudské porozumenie a jemnú analýzu súčasnej kultúry, ktoré sa spájajú v jeho diele', 'for the human understanding and subtle analysis of contemporary culture that are combined in his work', 599),
(6246, '1977', 'literatúra', 'za tvorivé básnické písanie, ktoré osvetľuje stav človeka vo vesmíre a v súčasnej spoločnosti a zároveň predstavuje veľkú obnovu tradícií španielskej poézie medzi vojnami', 'for a creative poetic writing, which illuminates man\'s condition in the cosmos and in present-day society, at the same time representing the great renewal of the traditions of Spanish poetry between the wars', 600),
(6247, '1978', 'literatúra', 'za jeho vášnivé rozprávačské umenie, ktoré s koreňmi v poľsko-židovskej kultúrnej tradícii oživuje univerzálne ľudské podmienky', 'for his impassioned narrative art which, with roots in a Polish-Jewish cultural tradition, brings universal human conditions to life', 601),
(6248, '1979', 'literatúra', 'za poéziu, ktorá na pozadí gréckej tradície so zmyslovou silou a intelektuálnym nadhľadom zobrazuje boj moderného človeka za slobodu a tvorivosť.', 'for his poetry, which, against the background of Greek tradition, depicts with sensuous strength and intellectual clear-sightedness modern man\'s struggle for freedom and creativeness', 602),
(6249, '1980', 'literatúra', 'ktorý s nekompromisnou jasnozrivosťou vyjadruje odhalený stav človeka vo svete ťažkých konfliktov', 'who with uncompromising clear-sightedness voices man\'s exposed condition in a world of severe conflicts', 603),
(6250, '1981', 'literatúra', 'za spisy vyznačujúce sa širokým rozhľadom, bohatstvom myšlienok a umeleckou silou', 'for writings marked by a broad outlook, a wealth of ideas and artistic power', 604),
(6251, '1982', 'literatúra', 'za jeho romány a poviedky, v ktorých sa fantastické a realistické spája v bohato komponovanom svete imaginácie, ktorý odráža život a konflikty kontinentu', 'for his novels and short stories, in which the fantastic and the realistic are combined in a richly composed world of imagination, reflecting a continent\'s life and conflicts', 605),
(6252, '1983', 'literatúra', 'za jeho romány, ktoré s prenikavosťou realistického naratívneho umenia a rozmanitosťou a univerzálnosťou mýtov osvetľujú ľudskú situáciu v dnešnom svete', 'for his novels, which with the perspicuity of realistic narrative art and the diversity and universality of myth, illuminate the human condition in the world of today', 606),
(6253, '1984', 'literatúra', 'za jeho poéziu, ktorá je obdarená sviežosťou a bohatou invenčnosťou poskytuje oslobodzujúci obraz nezdolného ducha a všestrannosti človeka', 'for his poetry, which endowed with freshness, and rich inventiveness provides a liberating image of the indomitable spirit and versatility of man', 607),
(6254, '1985', 'literatúra', 'ktorý vo svojom románe spája tvorivosť básnika a maliara s prehĺbeným povedomím o čase pri zobrazovaní stavu človeka.', 'who in his novel combines the poet\'s and the painter\'s creativeness with a deepened awareness of time in the depiction of the human condition', 608),
(6255, '1987', 'literatúra', 'za všeobjímajúce autorstvo, presiaknuté myšlienkovou jasnosťou a poetickou intenzitou', 'for an all-embracing authorship, imbued with clarity of thought and poetic intensity', 609),
(6256, '1988', 'literatúra', 'ktorý prostredníctvom diel bohatých na nuansy – teraz jasne realistické, teraz evokatívne nejednoznačné – vytvoril arabské rozprávačské umenie, ktoré platí pre celé ľudstvo', 'who, through works rich in nuance – now clear-sightedly realistic, now evocatively ambiguous – has formed an Arabian narrative art that applies to all mankind', 610),
(6257, '1989', 'literatúra', 'za bohatú a intenzívnu prózu, ktorá so zdržanlivým súcitom vytvára náročnú víziu zraniteľnosti človeka', 'for a rich and intensive prose, which with restrained compassion forms a challenging vision of man\'s vulnerability', 611),
(6258, '1990', 'literatúra', 'za vášnivé písanie so širokými obzormi, ktoré sa vyznačuje zmyslovou inteligenciou a humanistickou integritou', 'for impassioned writing with wide horizons, characterized by sensuous intelligence and humanistic integrity', 612),
(6259, '1991', 'literatúra', 'ktorá svojím veľkolepým epickým písaním priniesla – slovami Alfreda Nobela – pre ľudstvo veľký prínos', 'who through her magnificent epic writing has – in the words of Alfred Nobel – been of very great benefit to humanity', 613),
(6260, '1992', 'literatúra', 'za poetické dielo veľkej žiarivosti, podporované historickou víziou, výsledok multikultúrneho záväzku', 'for a poetic oeuvre of great luminosity, sustained by a historical vision, the outcome of a multicultural commitment', 614),
(6261, '1993', 'literatúra', 'ktorý v románoch charakterizovaných vizionárskou silou a poetickým významom oživuje podstatný aspekt americkej reality', 'who in novels characterized by visionary force and poetic import, gives life to an essential aspect of American reality', 615),
(6262, '1994', 'literatúra', 'ktorý s poetickou silou vytvára vymyslený svet, v ktorom sa život a mýtus kondenzujú a vytvárajú znepokojujúci obraz dnešnej ľudskej ťažkej situácie', 'who with poetic force creates an imagined world, where life and myth condense to form a disconcerting picture of the human predicament today', 616),
(6263, '1995', 'literatúra', 'za diela lyrickej krásy a etickej hĺbky, ktoré vyzdvihujú každodenné zázraky a živú minulosť', 'for works of lyrical beauty and ethical depth, which exalt everyday miracles and the living past', 617),
(6264, '1996', 'literatúra', 'za poéziu, ktorá s ironickou presnosťou umožňuje vyniknúť historickému a biologickému kontextu vo fragmentoch ľudskej reality', 'for poetry that with ironic precision allows the historical and biological context to come to light in fragments of human reality', 618),
(6265, '1997', 'literatúra', 'ktorý napodobňuje šašov zo stredoveku v bičovaní autority a udržiavaní dôstojnosti utláčaných', 'who emulates the jesters of the Middle Ages in scourging authority and upholding the dignity of the downtrodden', 619),
(6266, '1998', 'literatúra', 'ktorý nám pomocou podobenstiev podporovaných predstavivosťou, súcitom a iróniou neustále umožňuje opäť pochopiť prchavú realitu', 'who with parables sustained by imagination, compassion and irony continually enables us once again to apprehend an elusory reality', 620),
(6267, '1999', 'literatúra', 'ktorého hravé čierne bájky zobrazujú zabudnutú tvár dejín', 'whose frolicsome black fables portray the forgotten face of history', 621),
(6268, '2001', 'literatúra', 'za zjednotenie vnímavého rozprávania a nepodplatiteľného skúmania v dielach, ktoré nás nútia vidieť prítomnosť potláčaných dejín', 'for having united perceptive narrative and incorruptible scrutiny in works that compel us to see the presence of suppressed histories', 622),
(6269, '2002', 'literatúra', 'za písanie, ktoré podporuje krehkú skúsenosť jednotlivca proti barbarskej svojvôli dejín', 'for writing that upholds the fragile experience of the individual against the barbaric arbitrariness of history', 623),
(6270, '2005', 'literatúra', 'ktorý vo svojich hrách odkrýva priepasť pod každodenným táraním a núti vstup do uzavretých miestností útlaku', 'who in his plays uncovers the precipice under everyday prattle and forces entry into oppression\'s closed rooms', 624),
(6271, '2007', 'literatúra', 'tá epika ženskej skúsenosti, ktorá so skepticizmom, ohňom a vizionárskou silou podrobila rozdelenú civilizáciu skúmaniu', 'that epicist of the female experience, who with scepticism, fire and visionary power has subjected a divided civilisation to scrutiny', 625),
(6272, '2011', 'literatúra', 'pretože prostredníctvom svojich zhustených, priesvitných obrazov nám dáva nový prístup k realite', 'because, through his condensed, translucent images, he gives us fresh access to reality', 626),
(6273, '2020', 'literatúra', 'za jej nezameniteľný poetický hlas, ktorý svojou strohou krásou robí individuálnu existenciu univerzálnou', 'for her unmistakable poetic voice that with austere beauty makes individual existence universal', 627),
(6274, '1901', 'mier', 'za jeho humanitárne úsilie pomôcť zraneným vojakom a vytvoriť medzinárodné porozumenie', 'for his humanitarian efforts to help wounded soldiers and create international understanding', NULL),
(6275, '1901', 'mier', 'za celoživotnú prácu pre medzinárodné mierové konferencie, diplomaciu a arbitráž.', 'for his lifelong work for international peace conferences, diplomacy and arbitration.', NULL),
(6276, '1902', 'mier', 'za jeho neúnavné a zručné riadenie Bernského mierového úradu', 'for his untiring and skilful directorship of the Bern Peace Bureau', NULL),
(6277, '1902', 'mier', 'za jeho mimoriadne praktickú správu Medziparlamentnej únie.', 'for his eminently practical administration of the Inter-Parliamentary Union.', NULL),
(6278, '1903', 'mier', 'za jeho dlhoročné a oddané úsilie v prospech myšlienok mieru a arbitráže.', 'for his longstanding and devoted effort in favour of the ideas of peace and arbitration.', NULL),
(6279, '1904', 'mier', 'za to, že sa vo verejnom práve snaží rozvíjať mierové väzby medzi národmi a robiť vojnové zákony humánnejšími.', 'for its striving in public law to develop peaceful ties between nations and to make the laws of war more humane.', NULL),
(6280, '1905', 'mier', 'za jej drzosť postaviť sa hrôzam vojny.', 'for her audacity to oppose the horrors of war.', NULL),
(6281, '1906', 'mier', 'za jeho úlohu pri ukončení krvavej vojny, ktorá sa nedávno viedla medzi dvoma svetovými veľmocami, Japonskom a Ruskom.', 'for his role in bringing to an end the bloody war recently waged between two of the world\'s great powers, Japan and Russia.', NULL),
(6282, '1907', 'mier', 'za jeho prácu v tlači a na mierových stretnutiach, verejných aj súkromných, za porozumenie medzi Francúzskom a Talianskom', 'for his work in the press and in peace meetings, both public and private, for an understanding between France and Italy', NULL),
(6283, '1907', 'mier', 'za jeho rozhodujúci vplyv na priebeh a výsledok Haagskej a Ženevskej konferencie.', 'for his decisive influence upon the conduct and outcome of the Hague and Geneva Conferences.', NULL),
(6284, '1908', 'mier', 'za ich dlhoročnú prácu pre mier ako politici, vodcovia mierovej spoločnosti, rečníci a autori.', 'for their long time work for the cause of peace as politicians, peace society leaders, orators and authors.', NULL),
(6285, '1909', 'mier', 'za ich významné postavenie v medzinárodnom hnutí za mier a arbitráž.', 'for their prominent position in the international movement for peace and arbitration.', NULL),
(6286, '1910', 'mier', 'za to, že pôsobil ako spojenie medzi mierovými spoločnosťami rôznych krajín a pomáhal im organizovať svetové zhromaždenia medzinárodného mierového hnutia.', 'for acting as a link between the peace societies of the various countries, and helping them to organize the world rallies of the international peace movement.', NULL),
(6287, '1911', 'mier', 'za jeho úlohu spoluzakladateľa Institut de droit international, iniciátora konferencií medzinárodného práva súkromného (Conférences de Droit international privé) v Haagu a priekopníka v oblasti medzinárodných právnych vzťahov', 'for his role as co-founder of the Institut de droit international, initiator of the Conferences on International Private Law (Conférences de Droit international privé) at the Hague, and pioneer in the field of international legal relations', NULL),
(6288, '1911', 'mier', 'za jeho snahu odhaľovať a bojovať proti tomu, čo považuje za hlavnú príčinu vojny, teda proti anarchii v medzinárodných vzťahoch.', 'for his effort to expose and fight what he considers to be the main cause of war, namely, the anarchy in international relations.', NULL),
(6289, '1912', 'mier', 'za dosiahnutie lepšieho porozumenia medzi krajinami Severnej a Južnej Ameriky a iniciovanie dôležitých arbitrážnych dohôd medzi Spojenými štátmi a inými krajinami.', 'for bringing about better understanding between the countries of North and South America and initiating important arbitration agreements between the United States and other countries.', NULL),
(6290, '1913', 'mier', 'za jeho jedinečný prínos k organizácii mierového internacionalizmu.', 'for his unparalleled contribution to the organization of peaceful internationalism.', NULL),
(6291, '1917', 'mier', 'za snahu postarať sa o zranených vojakov a vojnových zajatcov a ich rodiny.', 'for the efforts to take care of wounded soldiers and prisoners of war and their families.', NULL),
(6292, '1919', 'mier', 'za jeho úlohu zakladateľa Spoločnosti národov.', 'for his role as founder of the League of Nations.', NULL),
(6293, '1920', 'mier', 'za jeho dlhoročný prínos pre mier a spravodlivosť a jeho významnú úlohu pri založení Spoločnosti národov.', 'for his longstanding contribution to the cause of peace and justice and his prominent role in the establishment of the League of Nations.', NULL),
(6294, '1921', 'mier', 'za ich celoživotné zásluhy o mier a organizovaný internacionalizmus.', 'for their lifelong contributions to the cause of peace and organized internationalism.', NULL),
(6295, '1922', 'mier', 'za jeho vedúcu úlohu pri repatriácii vojnových zajatcov, pri medzinárodnej pomoci a ako vysoký komisár Spoločnosti národov pre utečencov.', 'for his leading role in the repatriation of prisoners of war, in international relief work and as the League of Nations\' High Commissioner for refugees.', NULL),
(6296, '1925', 'mier', 'za jeho kľúčovú úlohu pri realizácii Locarnskej zmluvy.', 'for his crucial role in bringing about the Locarno Treaty.', NULL),
(6297, '1925', 'mier', 'za jeho kľúčovú úlohu pri realizácii Dawesovho plánu.', 'for his crucial role in bringing about the Dawes Plan.', NULL),
(6298, '1927', 'mier', 'za ich príspevok k vytvoreniu verejnej mienky vo Francúzsku a Nemecku, ktorá podporuje mierovú medzinárodnú spoluprácu.', 'for their contribution to the emergence in France and Germany of a public opinion which favours peaceful international cooperation.', NULL),
(6299, '1929', 'mier', 'za jeho kľúčovú úlohu pri vytváraní paktu Kellogg-Briand.', 'for his crucial role in bringing about the Kellogg-Briand Pact.', NULL),
(6300, '1930', 'mier', 'za podporu jednoty kresťanov a pomoc pri vytváraní „nového postoja mysle, ktorý je nevyhnutný, ak sa má pokoj medzi národmi stať skutočnosťou“.', 'for promoting Christian unity and helping create \'that new attitude of mind which is necessary if peace between nations is to become reality\'.', NULL),
(6301, '1931', 'mier', 'za ich vytrvalú snahu oživiť ideál mieru a znovu rozprúdiť ducha mieru vo vlastnom národe a v celom ľudstve.', 'for their assiduous effort to revive the ideal of peace and to rekindle the spirit of peace in their own nation and in the whole of mankind.', NULL),
(6302, '1933', 'mier', 'za to, že svojím perom odhalil ilúziu vojny a predložil presvedčivú prosbu o medzinárodnú spoluprácu a mier.', 'for having exposed by his pen the illusion of war and presented a convincing plea for international cooperation and peace.', NULL);
INSERT INTO `prizes` (`id`, `year`, `category`, `contrib_sk`, `contrib_en`, `details_id`) VALUES
(6303, '1934', 'mier', 'za jeho neúnavný boj a odvážne úsilie vo funkcii predsedu Konferencie o odzbrojení Spoločnosti národov v rokoch 1931-34.', 'for his untiring struggle and his courageous efforts as Chairman of the League of Nations Disarmament Conference 1931-34.', NULL),
(6304, '1935', 'mier', 'za jeho horúcu lásku k slobode myslenia a prejavu a jeho cenný prínos pre mier.', 'for his burning love for freedom of thought and expression and his valuable contribution to the cause of peace.', NULL),
(6305, '1936', 'mier', 'za úlohu otca Argentínskej protivojnovej zmluvy z roku 1933, ktorú v roku 1935 použil aj ako prostriedok na sprostredkovanie mieru medzi Paraguajom a Bolíviou.', 'for his role as father of the Argentine Antiwar Pact of 1933, which he also used as a means to mediate peace between Paraguay and Bolivia in 1935.', NULL),
(6306, '1937', 'mier', 'za jeho neúnavné úsilie pri podpore Spoločnosti národov, odzbrojení a mieru.', 'for his tireless effort in support of the League of Nations, disarmament and peace.', NULL),
(6307, '1938', 'mier', 'za to, že pokračoval v práci Fridtjofa Nansena v prospech utečencov v celej Európe.', 'for having carried on the work of Fridtjof Nansen to the benefit of refugees across Europe.', NULL),
(6308, '1944', 'mier', 'za veľkú prácu, ktorú vykonal počas vojny v mene ľudstva.', 'for the great work it has performed during the war on behalf of humanity.', NULL),
(6309, '1945', 'mier', 'za jeho neúnavnú prácu pre medzinárodné porozumenie a kľúčovú úlohu pri zakladaní Organizácie Spojených národov.', 'for his indefatigable work for international understanding and his pivotal role in establishing the United Nations.', NULL),
(6310, '1946', 'mier', 'za jej celoživotnú prácu pre mier', 'for her lifelong work for the cause of peace', NULL),
(6311, '1946', 'mier', 'za jeho prínos k vytvoreniu mieru presadzujúceho náboženského bratstva naprieč národnými hranicami.', 'for his contribution to the creation of a peace-promoting religious brotherhood across national boundaries.', NULL),
(6312, '1947', 'mier', 'za ich priekopnícku prácu v medzinárodnom mierovom hnutí a súcitné úsilie zmierniť ľudské utrpenie, a tým podporiť bratstvo medzi národmi.', 'for their pioneering work in the international peace movement and compassionate effort to relieve human suffering, thereby promoting the fraternity between nations.', NULL),
(6313, '1949', 'mier', 'za celoživotné úsilie poraziť hlad a nedostatok, čím pomohol odstrániť hlavnú príčinu vojenského konfliktu a vojny.', 'for his lifelong effort to conquer hunger and want, thereby helping to remove a major cause of military conflict and war.', NULL),
(6314, '1950', 'mier', 'za prácu mediátora v Palestíne v rokoch 1948-1949.', 'for his work as mediator in Palestine in 1948-1949.', NULL),
(6315, '1951', 'mier', 'za to, že svoj život zasvätil boju proti vojne prostredníctvom podpory sociálnej spravodlivosti a bratstva medzi ľuďmi a národmi.', 'for having devoted his life to the fight against war through the promotion of social justice and brotherhood among men and nations.', NULL),
(6316, '1952', 'mier', 'za jeho altruizmus, úctu k životu a neúnavnú humanitárnu prácu, vďaka ktorej sa myšlienka bratstva medzi ľuďmi a národmi stala živou.', 'for his altruism, reverence for life, and tireless humanitarian work which has helped making the idea of brotherhood between men and nations a living one.', NULL),
(6317, '1953', 'mier', 'za navrhovanie a dohľad nad plánom hospodárskej obnovy Európy.', 'for proposing and supervising the plan for the economic recovery of Europe.', NULL),
(6318, '1954', 'mier', 'za jej úsilie liečiť vojnové rany poskytovaním pomoci a ochrany utečencom na celom svete.', 'for its efforts to heal the wounds of war by providing help and protection to refugees all over the world.', NULL),
(6319, '1957', 'mier', 'za jeho kľúčový príspevok k rozmiestneniu pohotovostných síl Organizácie Spojených národov po Suezskej kríze.', 'for his crucial contribution to the deployment of a United Nations Emergency Force in the wake of the Suez Crisis.', NULL),
(6320, '1958', 'mier', 'za jeho úsilie pomôcť utečencom opustiť svoje tábory a vrátiť sa k životu v slobode a dôstojnosti.', 'for his efforts to help refugees to leave their camps and return to a life of freedom and dignity.', NULL),
(6321, '1959', 'mier', 'za jeho dlhoročný prínos v prospech odzbrojenia a mieru.', 'for his longstanding contribution to the cause of disarmament and peace.', NULL),
(6322, '1960', 'mier', 'za jeho nenásilný boj proti apartheidu.', 'for his non-violent struggle against apartheid.', NULL),
(6323, '1961', 'mier', 'za rozvoj OSN na efektívnu a konštruktívnu medzinárodnú organizáciu schopnú oživiť princípy a ciele vyjadrené v Charte OSN.', 'for developing the UN into an effective and constructive international organization, capable of giving life to the principles and aims expressed in the UN Charter.', NULL),
(6324, '1962', 'mier', 'za jeho boj proti pretekom v jadrovom zbrojení medzi Východom a Západom.', 'for his fight against the nuclear arms race between East and West.', NULL),
(6325, '1963', 'mier', 'za presadzovanie princípov Ženevského dohovoru a spolupráce s OSN.', 'for promoting the principles of the Geneva Convention and cooperation with the UN.', NULL),
(6326, '1964', 'mier', 'za jeho nenásilný boj za občianske práva afroamerického obyvateľstva.', 'for his non-violent struggle for civil rights for the Afro-American population.', NULL),
(6327, '1965', 'mier', 'za snahu posilniť solidaritu medzi národmi a znížiť rozdiely medzi bohatými a chudobnými štátmi.', 'for its effort to enhance solidarity between nations and reduce the difference between rich and poor states.', NULL),
(6328, '1968', 'mier', 'za jeho boj za zabezpečenie práv človeka, ako sú stanovené v Deklarácii OSN.', 'for his struggle to ensure the rights of man as stipulated in the UN Declaration.', NULL),
(6329, '1969', 'mier', 'za tvorbu medzinárodnej legislatívy zabezpečujúcej určité normy pre pracovné podmienky v každej krajine.', 'for creating international legislation insuring certain norms for working conditions in every country.', NULL),
(6330, '1970', 'mier', 'za to, že dal opodstatnenú nádej – zelenú revolúciu.', 'for having given a well-founded hope - the green revolution.', NULL),
(6331, '1971', 'mier', 'za vydláždenie cesty pre zmysluplný dialóg medzi Východom a Západom.', 'for paving the way for a meaningful dialogue between East and West.', NULL),
(6332, '1973', 'mier', 'za spoločné vyjednanie prímeria vo Vietname v roku 1973.', 'for jointly having negotiated a cease fire in Vietnam in 1973.', NULL),
(6333, '1973', 'mier', 'za spoločné vyjednanie prímeria vo Vietname v roku 1973. (cenu odmietol)', 'for jointly having negotiated a cease fire in Vietnam in 1973.', NULL),
(6334, '1974', 'mier', 'za jeho úsilie o zabezpečenie a rozvoj ľudských práv na celom svete', 'for his efforts to secure and develop human rights throughout the world', NULL),
(6335, '1974', 'mier', 'za jeho príspevok k stabilizácii podmienok v oblasti Tichého oceánu a za podpísanie Zmluvy o nešírení jadrových zbraní.', 'for his contribution to stabilize conditions in the Pacific rim area and for signing the Nuclear Non-Proliferation Treaty.', NULL),
(6336, '1975', 'mier', 'za jeho boj za ľudské práva v Sovietskom zväze, za odzbrojenie a spoluprácu medzi všetkými národmi.', 'for his struggle for human rights in the Soviet Union, for disarmament and cooperation between all nations.', NULL),
(6337, '1976', 'mier', 'za odvážne úsilie pri založení hnutia na ukončenie násilného konfliktu v Severnom Írsku.', 'for the courageous efforts in founding a movement to put an end to the violent conflict in Northern Ireland.', NULL),
(6338, '1977', 'mier', 'za celosvetové dodržiavanie ľudských práv.', 'for worldwide respect for human rights.', NULL),
(6339, '1978', 'mier', 'za spoločné vyjednanie mieru medzi Egyptom a Izraelom v roku 1978.', 'for jointly having negotiated peace between Egypt and Israel in 1978.', NULL),
(6340, '1979', 'mier', 'za jej prácu pri poskytovaní pomoci trpiacemu ľudstvu.', 'for her work for bringing help to suffering humanity.', NULL),
(6341, '1980', 'mier', 'za to, že je zdrojom inšpirácie pre utláčaných ľudí, najmä v Latinskej Amerike.', 'for being a source of inspiration to repressed people, especially in Latin America.', NULL),
(6342, '1981', 'mier', 'za presadzovanie základných práv utečencov.', 'for promoting the fundamental rights of refugees.', NULL),
(6343, '1982', 'mier', 'za ich prácu v prospech odzbrojenia a jadrových zón a zón bez zbraní.', 'for their work for disarmament and nuclear and weapon-free zones.', NULL),
(6344, '1983', 'mier', 'za nenásilný boj za slobodné odbory a ľudské práva v Poľsku.', 'for non-violent struggle for free trade unions and human rights in Poland.', NULL),
(6345, '1984', 'mier', 'za jeho úlohu zjednocujúceho lídra v nenásilnej kampani za vyriešenie problému apartheidu v Južnej Afrike', 'for his role as a unifying leader figure in the non-violent campaign to resolve the problem of apartheid in South Africa', NULL),
(6346, '1985', 'mier', 'za šírenie smerodajných informácií a vytváranie povedomia o katastrofálnych následkoch jadrovej vojny.', 'for spreading authoritative information and by creating awareness of the catastrophic consequences of nuclear war.', NULL),
(6347, '1986', 'mier', 'za to, že je poslom ľudstva: jeho posolstvom je mier, zmierenie a dôstojnosť.', 'for being a messenger to mankind: his message is one of peace, atonement and dignity.', NULL),
(6348, '1987', 'mier', 'za jeho prácu pre trvalý mier v Strednej Amerike.', 'for his work for lasting peace in Central America.', NULL),
(6349, '1988', 'mier', 'za predchádzanie ozbrojeným stretom a vytváranie podmienok na rokovania.', 'for preventing armed clashes and creating conditions for negotiations.', NULL),
(6350, '1989', 'mier', 'za presadzovanie mierových riešení založených na tolerancii a vzájomnom rešpekte s cieľom zachovať historické a kultúrne dedičstvo svojho ľudu.', 'for advocating peaceful solutions based upon tolerance and mutual respect in order to preserve the historical and cultural heritage of his people.', NULL),
(6351, '1990', 'mier', 'za vedúcu úlohu, ktorú zohral pri radikálnych zmenách vo vzťahoch medzi Východom a Západom.', 'for the leading role he played in the radical changes in East-West relations.', NULL),
(6352, '1991', 'mier', 'za jej nenásilný boj za demokraciu a ľudské práva.', 'for her non-violent struggle for democracy and human rights.', NULL),
(6353, '1992', 'mier', 'za jej boj za sociálnu spravodlivosť a etnokultúrne zmierenie založené na rešpektovaní práv pôvodných obyvateľov.', 'for her struggle for social justice and ethno-cultural reconciliation based on respect for the rights of indigenous peoples.', NULL),
(6354, '1993', 'mier', 'za ich prácu na mierovom ukončení režimu apartheidu a za položenie základov novej demokratickej Južnej Afriky.', 'for their work for the peaceful termination of the apartheid regime, and for laying the foundations for a new democratic South Africa.', NULL),
(6355, '1994', 'mier', 'za ich úsilie o vytvorenie mieru na Blízkom východe.', 'for their efforts to create peace in the Middle East.', NULL),
(6356, '1995', 'mier', 'za ich úsilie zmenšiť úlohu, ktorú zohrávajú jadrové zbrane v medzinárodnej politike, a z dlhodobého hľadiska tieto zbrane eliminovať.', 'for their efforts to diminish the part played by nuclear arms in international politics and, in the longer run, to eliminate such arms.', NULL),
(6357, '1996', 'mier', 'za ich prácu na spravodlivom a mierovom riešení konfliktu vo Východnom Timore.', 'for their work towards a just and peaceful solution to the conflict in East Timor.', NULL),
(6358, '1997', 'mier', 'za ich prácu pri zákaze a odstraňovaní protipechotných mín.', 'for their work for the banning and clearing of anti-personnel mines.', NULL),
(6359, '1998', 'mier', 'za ich úsilie o mierové riešenie konfliktu v Severnom Írsku.', 'for their efforts to find a peaceful solution to the conflict in Northern Ireland.', NULL),
(6360, '1999', 'mier', 'ako uznanie za priekopnícku humanitárnu prácu organizácie na niekoľkých kontinentoch.', 'in recognition of the organization\'s pioneering humanitarian work on several continents.', NULL),
(6361, '2000', 'mier', 'za jeho prácu pre demokraciu a ľudské práva v Južnej Kórei a vo východnej Ázii všeobecne, a najmä za mier a zmierenie so Severnou Kóreou.', 'for his work for democracy and human rights in South Korea and in East Asia in general, and for peace and reconciliation with North Korea in particular.', NULL),
(6362, '2001', 'mier', 'za ich prácu pre lepšie organizovaný a pokojnejší svet.', 'for their work for a better organized and more peaceful world.', NULL),
(6363, '2002', 'mier', 'za desaťročia neúnavného úsilia o nájdenie mierových riešení medzinárodných konfliktov, presadzovanie demokracie a ľudských práv a presadzovanie hospodárskeho a sociálneho rozvoja.', 'for his decades of untiring effort to find peaceful solutions to international conflicts, to advance democracy and human rights, and to promote economic and social development.', NULL),
(6364, '2003', 'mier', 'za jej úsilie o demokraciu a ľudské práva. Zamerala sa najmä na práva žien a detí.', 'for her efforts for democracy and human rights. She has focused especially on the rights of women and children.', NULL),
(6365, '2004', 'mier', 'za jej prínos k trvalo udržateľnému rozvoju, demokracii a mieru.', 'for her contribution to sustainable development, democracy and peace.', NULL),
(6366, '2005', 'mier', 'za ich úsilie zabrániť využívaniu jadrovej energie na vojenské účely a zabezpečiť, aby sa jadrová energia využívala na mierové účely čo najbezpečnejším spôsobom.', 'for their efforts to prevent nuclear energy from being used for military purposes and to ensure that nuclear energy for peaceful purposes is used in the safest possible way.', NULL),
(6367, '2006', 'mier', 'za ich úsilie o vytvorenie hospodárskeho a sociálneho rozvoja zdola.', 'for their efforts to create economic and social development from below.', NULL),
(6368, '2007', 'mier', 'za ich úsilie vybudovať a šíriť lepšie poznatky o klimatických zmenách spôsobených človekom a položiť základy opatrení, ktoré sú potrebné na boj proti takýmto zmenám.', 'for their efforts to build up and disseminate greater knowledge about man-made climate change, and to lay the foundations for the measures that are needed to counteract such change.', NULL),
(6369, '2008', 'mier', 'za jeho významné úsilie na niekoľkých kontinentoch a počas viac ako troch desaťročí vyriešiť medzinárodné konflikty.', 'for his important efforts, on several continents and over more than three decades, to resolve international conflicts.', NULL),
(6370, '2009', 'mier', 'za mimoriadne úsilie o posilnenie medzinárodnej diplomacie a spolupráce medzi národmi.', 'for his extraordinary efforts to strengthen international diplomacy and cooperation between peoples.', NULL),
(6371, '2010', 'mier', 'za jeho dlhý a nenásilný boj za základné ľudské práva v Číne.', 'for his long and non-violent struggle for fundamental human rights in China.', NULL),
(6372, '2011', 'mier', 'za ich nenásilný boj za bezpečnosť žien a za práva žien na plnú účasť na práci na budovaní mieru.', 'for their non-violent struggle for the safety of women and for women\'s rights to full participation in peace-building work.', NULL),
(6373, '2012', 'mier', 'viac ako šesť desaťročí prispievalo k napredovaniu mieru a zmierenia, demokracie a ľudských práv v Európe.', 'for over six decades contributed to the advancement of peace and reconciliation, democracy and human rights in Europe.', NULL),
(6374, '2013', 'mier', 'za rozsiahle úsilie o odstránenie chemických zbraní.', 'for its extensive efforts to eliminate chemical weapons.', NULL),
(6375, '2014', 'mier', 'za ich boj proti utláčaniu detí a mládeže a za právo všetkých detí na vzdelanie.', 'for their struggle against the suppression of children and young people and for the right of all children to education.', NULL),
(6376, '2015', 'mier', 'za rozhodujúci príspevok k budovaniu pluralitnej demokracie v Tunisku po jazmínovej revolúcii v roku 2011.', 'for its decisive contribution to the building of a pluralistic democracy in Tunisia in the wake of the Jasmine Revolution of 2011.', NULL),
(6377, '2016', 'mier', 'za jeho rozhodné úsilie o ukončenie viac ako 50 rokov trvajúcej občianskej vojny v krajine.', 'for his resolute efforts to bring the country\'s more than 50-year-long civil war to an end.', NULL),
(6378, '2017', 'mier', 'za jej prácu zameranú na upozorňovanie na katastrofálne humanitárne dôsledky akéhokoľvek použitia jadrových zbraní a za jej prelomové úsilie o dosiahnutie zákazu takýchto zbraní na základe zmluvy.', 'for its work to draw attention to the catastrophic humanitarian consequences of any use of nuclear weapons and for its ground-breaking efforts to achieve a treaty-based prohibition of such weapons.', NULL),
(6379, '2018', 'mier', 'za ich úsilie ukončiť používanie sexuálneho násilia ako zbrane vo vojne a ozbrojenom konflikte.', 'for their efforts to end the use of sexual violence as a weapon of war and armed conflict.', NULL),
(6380, '2019', 'mier', 'za jeho úsilie o dosiahnutie mieru a medzinárodnej spolupráce, a najmä za jeho rozhodnú iniciatívu pri riešení pohraničného konfliktu so susednou Eritreou.', 'for his efforts to achieve peace and international cooperation, and in particular for his decisive initiative to resolve the border conflict with neighbouring Eritrea.', NULL),
(6381, '2020', 'mier', 'za jeho úsilie v boji proti hladu, za jeho príspevok k zlepšeniu podmienok pre mier v oblastiach postihnutých konfliktom a za to, že pôsobí ako hnacia sila v úsilí zabrániť používaniu hladu ako vojnovej a konfliktnej zbrane.', 'for its efforts to combat hunger, for its contribution to bettering conditions for peace in conflict-affected areas and for acting as a driving force in efforts to prevent the use of hunger as a weapon of war and conflict.', NULL),
(6382, '2021', 'mier', 'za ich úsilie o ochranu slobody prejavu, ktorá je predpokladom demokracie a trvalého mieru.', 'for their efforts to safeguard freedom of expression, which is a precondition for democracy and lasting peace.', NULL),
(6383, '2022', 'mier', 'Laureáti Ceny mieru zastupujú občiansku spoločnosť vo svojich domovských krajinách. Dlhé roky presadzovali právo kritizovať moc a chrániť základné práva občanov. Vyvinuli mimoriadne úsilie na zdokumentovanie vojnových zločinov, porušovania ľudských práv a zneužívania moci. Spoločne demonštrujú význam občianskej spoločnosti pre mier a demokraciu.', 'The Peace Prize laureates represent civil society in their home countries. They have for many years promoted the right to criticise power and protect the fundamental rights of citizens. They have made an outstanding effort to document war crimes, human right abuses and the abuse of power. Together they demonstrate the significance of civil society for peace and democracy.', NULL),
(6384, '2023', 'mier', 'za jej boj proti útlaku žien v Iráne a jej boj za presadzovanie ľudských práv a slobody pre všetkých', 'for her fight against the oppression of women in Iran and her fight to promote human rights and freedom for all', NULL),
(6385, '2000', 'fyzika', 'Objavil čosi.', 'Discovered something.', NULL),
(6386, '2010', 'chémia', 'Objavil iné čosi.', 'Discovered something else.', NULL),
(6387, '2004', 'mier', 's', 's', NULL),
(6388, '2005', 'mier', 'f', 'f', NULL),
(6392, '2009', 'mier', 'a', 'a', NULL),
(6397, '2005', 'mier', 's', 's', NULL);

-- --------------------------------------------------------

--
-- Table structure for table `prize_details`
--

CREATE TABLE `prize_details` (
  `id` int NOT NULL,
  `language_sk` varchar(256) CHARACTER SET utf8mb4 COLLATE utf8mb4_general_ci NOT NULL,
  `language_en` varchar(256) CHARACTER SET utf8mb4 COLLATE utf8mb4_general_ci NOT NULL,
  `genre_sk` varchar(128) COLLATE utf8mb4_general_ci NOT NULL,
  `genre_en` varchar(128) COLLATE utf8mb4_general_ci NOT NULL
) ENGINE=InnoDB DEFAULT CHARSET=utf8mb4 COLLATE=utf8mb4_general_ci;

--
-- Dumping data for table `prize_details`
--

INSERT INTO `prize_details` (`id`, `language_sk`, `language_en`, `genre_sk`, `genre_en`) VALUES
(527, 'francúzsky', 'French', 'poézia, esej', 'poetry, essay'),
(528, 'nemecký', 'German', 'história, právo', 'history, law'),
(529, 'nórsky', 'Norwegian', 'poézia, román, dráma', 'poetry, novel, drama'),
(530, 'provensálsky', 'Provençal', 'poézia, filológia', 'poetry, philology'),
(531, 'španielský', 'Spanish', 'dráma', 'drama'),
(532, 'poľský', 'Polish', 'román', 'novel'),
(533, 'taliansky', 'Italian', 'poézia', 'poetry'),
(534, 'anglický', 'English', 'román, poviedka, poézia', 'novel, short story, poetry'),
(535, 'nemecký', 'German', 'filozofia', 'philosophy'),
(536, 'švédsky', 'Swedish', 'román, poviedka', 'novel, short story'),
(537, 'nemecký', 'German', 'poézia, dráma, román, poviedka', 'poetry, drama, novel, short story'),
(538, 'francúzsky', 'French', 'dráma, poézia, esej', 'drama, poetry, essay'),
(539, 'nemecký', 'German', 'dráma, román', 'drama, novel'),
(540, 'anglický, bengálsky', 'Bengali, English', 'poézia, román, dráma, poviedka, esej, preklad', 'poetry, novel, drama, short story, essay, translation'),
(541, 'francúzsky', 'French', 'román', 'novel'),
(542, 'švédsky', 'Swedish', 'poézia, román', 'poetry, novel'),
(543, 'dánsky, nemecký', 'Danish, German', 'poézia', 'poetry'),
(544, 'dánsky', 'Danish', 'román', 'novel'),
(545, 'nemecký', 'German', 'poézia', 'poetry'),
(546, 'nórsky', 'Norwegian', 'román', 'novel'),
(547, 'francúzsky', 'French', 'román, poézia', 'novel, poetry'),
(548, 'španielský', 'Spanish', 'dráma', 'drama'),
(549, 'anglický', 'English', 'poézia', 'poetry'),
(550, 'poľský', 'Polish', 'román', 'novel'),
(551, 'anglický', 'English', 'dráma, esej', 'drama, essay'),
(552, 'taliansky', 'Italian', 'poézia, román', 'poetry, novel'),
(553, 'francúzsky', 'French', 'filozofia', 'philosophy'),
(554, 'nórsky', 'Norwegian', 'román', 'novel'),
(555, 'nemecký', 'German', 'román, poviedka, esej', 'novel, short story, essay'),
(556, 'anglický', 'English', 'román, poviedka, dráma', 'novel, short story, drama'),
(557, 'švédsky', 'Swedish', 'poézia', 'poetry'),
(558, 'anglický', 'English', 'román', 'novel'),
(559, 'ruský', 'Russian', 'poviedka, poézia, román', 'short story, poetry, novel'),
(560, 'taliansky', 'Italian', 'dráma, román, poviedka', 'drama, novel, short story'),
(561, 'anglický', 'English', 'dráma', 'drama'),
(562, 'francúzsky', 'French', 'román', 'novel'),
(563, 'anglický', 'English', 'román, životopis', 'novel, biography'),
(564, 'fínsky', 'Finnish', 'román', 'novel'),
(565, 'dánsky', 'Danish', 'román, poviedka', 'novel, short story'),
(566, 'španielský', 'Spanish', 'poézia', 'poetry'),
(567, 'nemecký', 'German', 'román, poézia', 'novel, poetry'),
(568, 'francúzsky', 'French', 'román, esej, dráma, memoáre', 'novel, essay, drama, memoir'),
(569, 'anglický', 'English', 'poézia, esej, dráma', 'poetry, essay, drama'),
(570, 'anglický', 'English', 'román, poviedka', 'novel, short story'),
(571, 'anglický', 'English', 'filozofia, esej', 'philosophy, essay'),
(572, 'švédsky', 'Swedish', 'poézia, román, poviedka, dráma', 'poetry, novel, short story, drama'),
(573, 'francúzsky', 'French', 'román, poviedka', 'novel, short story'),
(574, 'anglický', 'English', 'história, esej, memoáre', 'history, essay, memoir'),
(575, 'anglický', 'English', 'román, poviedka, scenár', 'novel, short story, screenplay'),
(576, 'islandský', 'Icelandic', 'román, poviedka, dráma, poézia', 'novel, short story, drama, poetry'),
(577, 'španielský', 'Spanish', 'poézia, román', 'poetry, novel'),
(578, 'francúzsky', 'French', 'román, poviedka, dráma, filozofia, esej', 'novel, short story, drama, philosophy, essay'),
(579, 'ruský', 'Russian', 'román, poézia, preklad', 'novel, poetry, translation'),
(580, 'taliansky', 'Italian', 'poézia', 'poetry'),
(581, 'francúzsky', 'French', 'poézia', 'poetry'),
(582, 'srbochorvátsky', 'Serbo-Croatian', 'román, poviedka', 'novel, short story'),
(583, 'anglický', 'English', 'román, poviedka, scenár', 'novel, short story, screenplay'),
(584, 'grécky', 'Greek', 'poézia, esej, memoáre', 'poetry, essay, memoir'),
(585, 'francúzsky', 'French', 'filozofia, román, dráma, esej, poviedka, scenár (cenu odmietol)', 'philosophy, novel, drama, essay, short story, screenplay'),
(586, 'ruský', 'Russian', 'román', 'novel'),
(587, 'hebrejský', 'Hebrew', 'román, poviedka', 'novel, short story'),
(588, 'nemecký', 'German', 'poézia, dráma', 'poetry, drama'),
(589, 'španielský', 'Spanish', 'román, poézia', 'novel, poetry'),
(590, 'japonský', 'Japanese', 'román, poviedka', 'novel, short story'),
(591, 'francúzsky, anglický', 'French, English', 'román, dráma, poézia', 'novel, drama, poetry'),
(592, 'ruský', 'Russian', 'román, esej, poviedka', 'novel, essay, short story'),
(593, 'španielský', 'Spanish', 'poézia', 'poetry'),
(594, 'nemecký', 'German', 'román, poviedka', 'novel, short story'),
(595, 'anglický', 'English', 'román, poviedka, dráma', 'novel, short story, drama'),
(596, 'švédsky', 'Swedish', 'román', 'novel'),
(597, 'švédsky', 'Swedish', 'poézia, román, dráma', 'poetry, novel, drama'),
(598, 'taliansky', 'Italian', 'poézia', 'poetry'),
(599, 'anglický', 'English', 'román, poviedka', 'novel, short story'),
(600, 'španielský', 'Spanish', 'poézia', 'poetry'),
(601, 'jidiš', 'Yiddish', 'román, poviedka, memoár', 'novel, short story, memoir'),
(602, 'grécky', 'Greek', 'poézia, esej', 'poetry, essay'),
(603, 'poľský', 'Polish', 'poézia, esej', 'poetry, essay'),
(604, 'nemecký', 'German', 'román, dráma, memoáre, esej', 'novel, drama, memoirs, essay'),
(605, 'španielský', 'Spanish', 'román, poviedka, scenár', 'novel, short story, screenplay'),
(606, 'anglický', 'English', 'román, poézia, dráma', 'novel, poetry, drama'),
(607, 'český', 'Czech', 'poézia', 'poetry'),
(608, 'francúzsky', 'French', 'román, esej', 'novel, essay'),
(609, 'ruský, anglický', 'Russian, English', 'poézia, esej', 'poetry, essay'),
(610, 'arabský', 'Arabic', 'román, poviedka', 'novel, short story'),
(611, 'španielský', 'Spanish', 'román, poviedka, esej, poézia', 'novel, short story, essay, poetry'),
(612, 'španielský', 'Spanish', 'poézia, esej', 'poetry, essay'),
(613, 'anglický', 'English', 'román, poviedka, esej, dráma', 'novel, short story, essay, drama'),
(614, 'anglický', 'English', 'poézia, dráma', 'poetry, drama'),
(615, 'anglický', 'English', 'román, esej', 'novel, essay'),
(616, 'japonský', 'Japanese', 'román, poviedka, esej', 'novel, short story, essay'),
(617, 'anglický', 'English', 'poézia, dráma, preklad, esej', 'poetry, drama, translation, essay'),
(618, 'poľský', 'Polish', 'poézia, esej, preklad', 'poetry, essay, translation'),
(619, 'taliansky', 'Italian', 'dráma, texty piesní', 'drama, song lyrics'),
(620, 'portugalský', 'Portuguese', 'román, dráma, poézia', 'novel, drama, poetry'),
(621, 'nemecký', 'German', 'román, dráma, poézia, esej', 'novel, drama, poetry, essay'),
(622, 'anglický', 'English', 'román, esej', 'novel, essay'),
(623, 'maďarský', 'Hungarian', 'román', 'novel'),
(624, 'anglický', 'English', 'dráma, scenár, poézia', 'drama, screenplay, poetry'),
(625, 'anglický', 'English', 'román, poviedka, memoáre/autobiografia, dráma, poézia, esej', 'novel, short story, memoir/autobiography, drama, poetry, essay'),
(626, 'švédsky', 'Swedish', 'poézia, preklad', 'poetry, translation'),
(627, 'anglický', 'English', 'poézia, esej', 'poetry, essay');

-- --------------------------------------------------------

--
-- Table structure for table `users`
--

CREATE TABLE `users` (
  `id` int UNSIGNED NOT NULL,
  `fullname` varchar(128) CHARACTER SET utf8mb4 COLLATE utf8mb4_general_ci NOT NULL,
  `email` varchar(128) COLLATE utf8mb4_general_ci NOT NULL,
  `password` varchar(512) COLLATE utf8mb4_general_ci NOT NULL,
  `2fa_code` varchar(64) CHARACTER SET utf8mb4 COLLATE utf8mb4_general_ci NOT NULL,
  `created_at` timestamp NOT NULL DEFAULT CURRENT_TIMESTAMP
) ENGINE=InnoDB DEFAULT CHARSET=utf8mb4 COLLATE=utf8mb4_general_ci;

--
-- Dumping data for table `users`
--

INSERT INTO `users` (`id`, `fullname`, `email`, `password`, `2fa_code`, `created_at`) VALUES
(5, 'Juraj Husek', 'xhusek@stuba.sk', '$2y$10$45tl0raE59TaPiiwCqD9FuqUhC3QlmIx6OUApyqnhrq/oFbtW/gpi', '2KXNR7NU2XVLPJRUBZ6ZIEDN4QJKV26F', '2025-03-10 18:23:04'),
(6, 'Juraj Hušekis', 'juraj.husek@gmail.com', '$argon2id$v=19$m=65536,t=4,p=1$aFJGVENaMzlTV1NYYlBqbw$3ynmPER4EogLvhJ96ldwK5ReaFyMDD3G7p3NZKXArq8', '65RVSZ6MCQFLKWM42WWO74S774F42VKX', '2025-03-10 18:49:02'),
(7, 'super duper', 'jurajhusek.gamestudio@gmail.com', '$argon2id$v=19$m=65536,t=4,p=1$dzNyN0ZUYUhPNS83TUdTUw$/Kgl0Yqa6s4WC3s5ZXM2JJs8/H1hAhz4HbYmQ6lYnj0', 'S6V433LZH6E6PGQXMU3GUJVGLKBRE57T', '2025-03-11 18:26:32'),
(8, 'Timon Pumba', 'developer@jurajhusek.com', '$argon2id$v=19$m=65536,t=4,p=1$TnE2YThVTFR2L0VRMm04bA$mjue3idLOzoOpn79bG70QBR1/t9C86DfeOH2V9IQQ2I', '6LFHDDGNXQQH6J7B2W76AU5H5NTPPPUP', '2025-03-12 17:41:44'),
(9, 'Digestor Kuchynsky', 'xhusekm@stuba.sk', '$argon2id$v=19$m=65536,t=4,p=1$WjRRU2xjMGdpYS8vVWxvUw$LMjMkLyqadNnt7/TuQjutI/DUirGR59JH3vUVIUgafs', '4N4WIX53LFBGF2O5ZNLX7OVJUUD4N5XJ', '2025-03-12 17:50:50'),
(10, 'Tester Tester', 'husek.juraj@csmalacky.sk', '$argon2id$v=19$m=65536,t=4,p=1$bFNBL01yWVFySlo1d2VDTw$pRUxJD/1KMOd0c0jEXNFbYRD5NzY6JtIfr962TMLOtY', 'RE44BLTUFMOMP2KFCC3Z75LYZA645DG4', '2025-03-20 10:37:22');

-- --------------------------------------------------------

--
-- Table structure for table `users_login`
--

CREATE TABLE `users_login` (
  `user_id` int UNSIGNED DEFAULT NULL,
  `login_type` varchar(32) COLLATE utf8mb4_general_ci NOT NULL,
  `email` varchar(128) COLLATE utf8mb4_general_ci NOT NULL,
  `fullname` varchar(128) COLLATE utf8mb4_general_ci NOT NULL,
  `login_time` timestamp NOT NULL DEFAULT CURRENT_TIMESTAMP
) ENGINE=InnoDB DEFAULT CHARSET=utf8mb4 COLLATE=utf8mb4_general_ci;

--
-- Dumping data for table `users_login`
--

INSERT INTO `users_login` (`user_id`, `login_type`, `email`, `fullname`, `login_time`) VALUES
(5, 'local', 'xhusek@stuba.sk', 'Juraj Hušek', '2025-03-11 14:36:49'),
(5, 'local', 'xhusek@stuba.sk', 'Juraj Hušek', '2025-03-11 15:52:53'),
(5, 'local', 'xhusek@stuba.sk', 'Juraj Hušek', '2025-03-11 15:58:11'),
(5, 'google', 'xhusek@stuba.sk', 'Juraj Hušek', '2025-03-11 16:05:40'),
(5, 'local', 'xhusek@stuba.sk', 'Juraj Hušek', '2025-03-11 16:39:58'),
(5, 'google', 'xhusek@stuba.sk', 'Juraj Hušek', '2025-03-11 17:44:27'),
(5, 'google', 'xhusek@stuba.sk', 'Juraj Hušek', '2025-03-11 18:10:24'),
(5, 'google', 'xhusek@stuba.sk', 'Juraj Hušek', '2025-03-11 18:15:53'),
(5, 'google', 'xhusek@stuba.sk', 'Juraj Hušek', '2025-03-11 18:23:00'),
(5, 'google', 'xhusek@stuba.sk', 'Juraj Hušek', '2025-03-12 14:07:21'),
(5, 'google', 'xhusek@stuba.sk', 'Juraj Hušek', '2025-03-12 16:03:34'),
(5, 'google', 'xhusek@stuba.sk', 'Juraj Hušek', '2025-03-12 16:06:22'),
(NULL, 'google', 'husek.juraj@csmalacky.sk', 'Juraj Husek', '2025-03-12 17:14:08'),
(5, 'google', 'xhusek@stuba.sk', 'Juraj Hušek', '2025-03-12 17:15:32'),
(NULL, 'google', 'husek.juraj@csmalacky.sk', 'Juraj Husek', '2025-03-12 17:18:02'),
(5, 'google', 'xhusek@stuba.sk', 'Juraj Hušek', '2025-03-12 17:20:12'),
(5, 'google', 'xhusek@stuba.sk', 'Juraj Hušek', '2025-03-12 17:25:31'),
(5, 'google', 'xhusek@stuba.sk', 'Juraj Hušek', '2025-03-12 17:25:48'),
(5, 'google', 'xhusek@stuba.sk', 'Juraj Hušek', '2025-03-12 17:28:49'),
(NULL, 'google', 'husek.juraj@csmalacky.sk', 'Juraj Husek', '2025-03-12 17:34:16'),
(5, 'local', 'xhusek@stuba.sk', 'Juraj Husek', '2025-03-12 17:35:23'),
(NULL, 'google', 'husek.juraj@csmalacky.sk', 'Juraj Husek', '2025-03-12 17:35:33'),
(NULL, 'google', 'husek.juraj@csmalacky.sk', 'Juraj Husek', '2025-03-12 17:35:47'),
(NULL, 'google', 'husek.juraj@csmalacky.sk', 'Juraj Husek', '2025-03-12 17:35:56'),
(5, 'google', 'xhusek@stuba.sk', 'Juraj Hušek', '2025-03-12 17:36:23'),
(NULL, 'google', 'reloaded.donate@gmail.com', 'Dev Star Wars', '2025-03-12 17:46:32'),
(NULL, 'google', 'xhusekm@stuba.sk', 'Matej Hušek', '2025-03-12 17:48:33'),
(9, 'local', 'xhusekm@stuba.sk', 'Matej Hušek', '2025-03-12 17:51:24'),
(NULL, 'google', 'reloaded.donate@gmail.com', 'Dev Star Wars', '2025-03-12 17:55:23'),
(9, 'local', 'xhusekm@stuba.sk', 'Digestor Kuchynsky', '2025-03-12 17:56:24'),
(5, 'google', 'xhusek@stuba.sk', 'Juraj Hušek', '2025-03-12 18:37:37'),
(5, 'google', 'xhusek@stuba.sk', 'Juraj Hušek', '2025-03-12 18:48:37'),
(5, 'local', 'xhusek@stuba.sk', 'Juraj Husek', '2025-03-12 18:49:40'),
(5, 'google', 'xhusek@stuba.sk', 'Juraj Hušek', '2025-03-12 19:38:01'),
(NULL, 'google', 'isabelairsova@gmail.com', 'Isabela Iršová', '2025-03-12 19:38:24'),
(5, 'google', 'xhusek@stuba.sk', 'Juraj Hušek', '2025-03-12 21:51:34'),
(5, 'local', 'xhusek@stuba.sk', 'Juraj Husek', '2025-03-12 21:52:10'),
(5, 'google', 'xhusek@stuba.sk', 'Juraj Hušek', '2025-03-20 09:53:46'),
(5, 'local', 'xhusek@stuba.sk', 'Juraj Husek', '2025-03-20 09:59:17'),
(10, 'local', 'husek.juraj@csmalacky.sk', 'Tester Tester', '2025-03-20 10:38:10'),
(10, 'google', 'husek.juraj@csmalacky.sk', 'Juraj Husek', '2025-03-20 10:38:44'),
(5, 'google', 'xhusek@stuba.sk', 'Juraj Hušek', '2025-03-23 15:12:06'),
(5, 'google', 'xhusek@stuba.sk', 'Juraj Hušek', '2025-03-23 16:21:15'),
(5, 'google', 'xhusek@stuba.sk', 'Juraj Hušek', '2025-03-23 21:29:26'),
(5, 'google', 'xhusek@stuba.sk', 'Juraj Hušek', '2025-03-26 15:45:30'),
(5, 'google', 'xhusek@stuba.sk', 'Juraj Hušek', '2025-03-26 20:32:41'),
(5, 'google', 'xhusek@stuba.sk', 'Juraj Hušek', '2025-03-26 22:10:31');

--
-- Indexes for dumped tables
--

--
-- Indexes for table `countries`
--
ALTER TABLE `countries`
  ADD PRIMARY KEY (`id`);

--
-- Indexes for table `laureates`
--
ALTER TABLE `laureates`
  ADD PRIMARY KEY (`id`),
  ADD UNIQUE KEY `fullname` (`fullname`,`organisation`);

--
-- Indexes for table `laureates_countries`
--
ALTER TABLE `laureates_countries`
  ADD KEY `country_id` (`country_id`),
  ADD KEY `laureate_id` (`laureate_id`);

--
-- Indexes for table `laureates_prizes`
--
ALTER TABLE `laureates_prizes`
  ADD KEY `laureate_id` (`laureate_id`),
  ADD KEY `prize_id` (`prize_id`);

--
-- Indexes for table `prizes`
--
ALTER TABLE `prizes`
  ADD PRIMARY KEY (`id`),
  ADD KEY `details_id` (`details_id`);

--
-- Indexes for table `prize_details`
--
ALTER TABLE `prize_details`
  ADD PRIMARY KEY (`id`);

--
-- Indexes for table `users`
--
ALTER TABLE `users`
  ADD PRIMARY KEY (`id`),
  ADD UNIQUE KEY `email` (`email`);

--
-- Indexes for table `users_login`
--
ALTER TABLE `users_login`
  ADD KEY `user_id` (`user_id`);

--
-- AUTO_INCREMENT for dumped tables
--

--
-- AUTO_INCREMENT for table `countries`
--
ALTER TABLE `countries`
  MODIFY `id` int NOT NULL AUTO_INCREMENT, AUTO_INCREMENT=3530;

--
-- AUTO_INCREMENT for table `laureates`
--
ALTER TABLE `laureates`
  MODIFY `id` int NOT NULL AUTO_INCREMENT, AUTO_INCREMENT=8035;

--
-- AUTO_INCREMENT for table `prizes`
--
ALTER TABLE `prizes`
  MODIFY `id` int NOT NULL AUTO_INCREMENT, AUTO_INCREMENT=6399;

--
-- AUTO_INCREMENT for table `prize_details`
--
ALTER TABLE `prize_details`
  MODIFY `id` int NOT NULL AUTO_INCREMENT, AUTO_INCREMENT=629;

--
-- AUTO_INCREMENT for table `users`
--
ALTER TABLE `users`
  MODIFY `id` int UNSIGNED NOT NULL AUTO_INCREMENT, AUTO_INCREMENT=11;

--
-- Constraints for dumped tables
--

--
-- Constraints for table `laureates_countries`
--
ALTER TABLE `laureates_countries`
  ADD CONSTRAINT `laureates_countries_ibfk_1` FOREIGN KEY (`country_id`) REFERENCES `countries` (`id`) ON DELETE RESTRICT ON UPDATE CASCADE,
  ADD CONSTRAINT `laureates_countries_ibfk_2` FOREIGN KEY (`laureate_id`) REFERENCES `laureates` (`id`) ON DELETE RESTRICT ON UPDATE CASCADE;

--
-- Constraints for table `laureates_prizes`
--
ALTER TABLE `laureates_prizes`
  ADD CONSTRAINT `laureates_prizes_ibfk_1` FOREIGN KEY (`laureate_id`) REFERENCES `laureates` (`id`) ON DELETE RESTRICT ON UPDATE CASCADE,
  ADD CONSTRAINT `laureates_prizes_ibfk_2` FOREIGN KEY (`prize_id`) REFERENCES `prizes` (`id`) ON DELETE RESTRICT ON UPDATE CASCADE;

--
-- Constraints for table `prizes`
--
ALTER TABLE `prizes`
  ADD CONSTRAINT `prizes_ibfk_1` FOREIGN KEY (`details_id`) REFERENCES `prize_details` (`id`) ON DELETE RESTRICT ON UPDATE CASCADE;

--
-- Constraints for table `users_login`
--
ALTER TABLE `users_login`
  ADD CONSTRAINT `users_login_ibfk_1` FOREIGN KEY (`user_id`) REFERENCES `users` (`id`) ON DELETE RESTRICT ON UPDATE CASCADE;
COMMIT;

/*!40101 SET CHARACTER_SET_CLIENT=@OLD_CHARACTER_SET_CLIENT */;
/*!40101 SET CHARACTER_SET_RESULTS=@OLD_CHARACTER_SET_RESULTS */;
/*!40101 SET COLLATION_CONNECTION=@OLD_COLLATION_CONNECTION */;
